{"area_3d": 0.8235765016233766, "error_total_2d": 0.04552454149717966, "acc_range_2d": [0.0, 0.10075081168831167, 0.30440002705627695, 0.4869622564935066, 0.6178808170995671, 0.7093648538961038, 0.7738602543290042, 0.8239820075757573, 0.8586309523809521, 0.8849770021645017, 0.9065036525974023, 0.9226190476190474, 0.9355891504329003, 0.9462594696969693, 0.9549343885281385, 0.9620366612554112, 0.9683610660173159, 0.973349567099567, 0.976900703463203, 0.9799276244588744, 0.9824979707792205, 0.9844764610389611, 0.9865225919913417, 0.9882643398268397, 0.9897524350649349, 0.9912574404761905, 0.9926440746753245, 0.9934388528138528, 0.994352002164502, 0.995028409090909, 0.9955188041125539, 0.9961444805194802, 0.9963643127705626, 0.9969392586580085, 0.9973281926406924, 0.9976156655844154, 0.9979031385281384, 0.9981567911255408, 0.9984273538961038, 0.9985288149350651, 0.9985964556277057, 0.9987993777056278, 0.998934659090909, 0.9990192099567099, 0.9991206709956707, 0.999239042207792, 0.9993235930735928, 0.9993405032467529, 0.9994250541125539, 0.9995265151515151, 0.9995772456709955, 0.999611066017316, 0.9996617965367963, 0.9997125270562769, 0.9997632575757573, 0.9997632575757573, 0.9997801677489175, 0.9997970779220778, 0.9997970779220778, 0.9998647186147186, 0.999898538961039, 0.999898538961039, 0.999915449134199, 0.999915449134199, 0.9999323593073594, 0.9999323593073594, 0.9999323593073594, 0.9999323593073594, 0.9999323593073594, 0.9999323593073594, 0.9999323593073594, 0.9999323593073594, 0.9999323593073594, 0.9999323593073594, 0.9999492694805195, 0.9999661796536796, 0.9999661796536796, 0.9999830898268397, 0.9999830898268397, 0.9999830898268397, 0.9999830898268397, 0.9999830898268397, 0.9999830898268397, 0.9999830898268397, 0.9999830898268397, 0.9999830898268397, 1.0, 1.0, 1.0, 1.0, 1.0, 1.0, 1.0, 1.0, 1.0, 1.0, 1.0, 1.0, 1.0, 1.0], "acc_range_3d": [0.0, 0.009046942640692644, 0.03911323051948052, 0.07134402056277055, 0.10699066558441554, 0.14414231601731597, 0.1842532467532467, 0.22813514610389607, 0.2698356331168829, 0.31074134199134185, 0.3520359848484846, 0.39162270021645007, 0.43102340367965347, 0.46792140151515144, 0.5052252435064933, 0.5387073863636364, 0.5714285714285713, 0.601985254329004, 0.6300561417748919, 0.6574506222943722, 0.6836613906926405, 0.7078767586580087, 0.7305363906926403, 0.7515388257575758, 0.7709855248917747, 0.7883353625541123, 0.8052455357142857, 0.8208705357142857, 0.8344832251082248, 0.8471827651515149, 0.8596117424242421, 0.87109375, 0.8818993506493503, 0.8907264610389607, 0.9003990800865797, 0.9082454004329001, 0.9154829545454543, 0.9220441017316019, 0.9279119318181813, 0.9336613906926402, 0.9384300595238094, 0.9429619859307358, 0.9470373376623374, 0.9511972402597398, 0.9545792748917747, 0.9580796807359305, 0.9606838474025974, 0.9636431277056272, 0.9661458333333325, 0.9686992694805192, 0.9706270292207791, 0.9727069805194802, 0.9745163690476186, 0.9759030032467529, 0.9774249188311687, 0.978963744588744, 0.9804011093073591, 0.9817877435064932, 0.9831236471861473, 0.9841551677489175, 0.9851866883116881, 0.9862351190476187, 0.9869960768398268, 0.9876386634199132, 0.9883150703463202, 0.9889914772727273, 0.989853896103896, 0.9905641233766233, 0.991122159090909, 0.9916294642857143, 0.9920691287878788, 0.9924749729437231, 0.9929146374458871, 0.9932528409090907, 0.9936925054112554, 0.9939123376623376, 0.994250541125541, 0.9945041937229437, 0.9948085768398268, 0.9950960497835495, 0.9953497023809521, 0.9955864448051946, 0.9958231872294371, 0.9960768398268396, 0.9962628517316017, 0.9964319534632036, 0.9966010551948052, 0.9968208874458874, 0.996973079004329, 0.9971590909090909, 0.997277462121212, 0.9974803841991339, 0.9975142045454543, 0.9975649350649348, 0.9976325757575755, 0.9977171266233761, 0.9979031385281381, 0.9979200487012982, 0.9980384199134196, 0.9980891504329001], "thres_range": [0.0, 0.01, 0.02, 0.03, 0.04, 0.05, 0.06, 0.07, 0.08, 0.09, 0.1, 0.11, 0.12, 0.13, 0.14, 0.15, 0.16, 0.17, 0.18, 0.19, 0.2, 0.21, 0.22, 0.23, 0.24, 0.25, 0.26, 0.27, 0.28, 0.29, 0.3, 0.31, 0.32, 0.33, 0.34, 0.35000000000000003, 0.36, 0.37, 0.38, 0.39, 0.4, 0.41000000000000003, 0.42, 0.43, 0.44, 0.45, 0.46, 0.47000000000000003, 0.48, 0.49, 0.5, 0.51, 0.52, 0.53, 0.54, 0.55, 0.56, 0.5700000000000001, 0.58, 0.59, 0.6, 0.61, 0.62, 0.63, 0.64, 0.65, 0.66, 0.67, 0.68, 0.6900000000000001, 0.7000000000000001, 0.71, 0.72, 0.73, 0.74, 0.75, 0.76, 0.77, 0.78, 0.79, 0.8, 0.81, 0.8200000000000001, 0.8300000000000001, 0.84, 0.85, 0.86, 0.87, 0.88, 0.89, 0.9, 0.91, 0.92, 0.93, 0.9400000000000001, 0.9500000000000001, 0.96, 0.97, 0.98, 0.99], "area_2d": 0.9494578598484853, "error_total_3d": 0.17199706283856736, "error_keypoint_3d": [0.16726342017351603, 0.1386943074424132, 0.18363104934277627, 0.2316792642982777, 0.2897483695037822, 0.06331484889547441, 0.12675574433954104, 0.18703705015303224, 0.2518691467194003, 0.019003741964866094, 0.11899713113714162, 0.19114408422848844, 0.25590181006588286, 0.05170318004233691, 0.13874988288510146, 0.2051886319998382, 0.2673056857737803, 0.0952226616217641, 0.145904143513855, 0.2069790189803329, 0.2758451465283129], "error_keypoint_2d": [0.042491001317412985, 0.03597199050025004, 0.038574400047661, 0.04156872417507367, 0.05053278078960168, 0.03467235080239044, 0.038701893563835583, 0.04288413880001165, 0.05206539503344423, 0.031907408475118165, 0.04200511755575256, 0.0492384737544233, 0.05804024960946725, 0.033272138355352414, 0.0457922838928756, 0.056333713633111154, 0.06716964113179942, 0.038015601511130044, 0.04274941004075572, 0.05077800558708325, 0.06325065286422284]}