{"acc_range_3d": [0.0, 0.008985805860805864, 0.041514041514041505, 0.07910752442002435, 0.12115575396825391, 0.16442498473748468, 0.21090888278388265, 0.2595772283272281, 0.30625190781440764, 0.35120955433455414, 0.39505112942612913, 0.43793879731379703, 0.47883279914529897, 0.5170749389499391, 0.5542296245421248, 0.5881410256410258, 0.6204975579975581, 0.6504693223443224, 0.6777892246642249, 0.7034397893772895, 0.7282509157509153, 0.7503243284493285, 0.7708524114774112, 0.7893200549450547, 0.806709783272283, 0.8225064865689864, 0.8371966575091571, 0.8506753663003656, 0.8622844169719169, 0.8730731074481071, 0.883899954212454, 0.8934485653235651, 0.9024343711843706, 0.9100370115995111, 0.9177922771672766, 0.9245173229548228, 0.930670024420024, 0.9362885378510378, 0.9409340659340659, 0.9457417582417582, 0.9497863247863242, 0.9535733363858361, 0.9569310897435894, 0.9601648351648345, 0.963083791208791, 0.9660695207570202, 0.9682635073260075, 0.9706578144078142, 0.9727945665445663, 0.9746451465201468, 0.9763049450549451, 0.9779742826617823, 0.9795673076923077, 0.9807692307692306, 0.9822000915750917, 0.9833924755799757, 0.984518086080586, 0.98560554029304, 0.9866357600732599, 0.987437042124542, 0.9883623321123322, 0.9892017704517705, 0.9897741147741146, 0.9903464590964589, 0.9909188034188033, 0.99146253052503, 0.9920825702075701, 0.9925881410256411, 0.9930269383394383, 0.9934275793650792, 0.9937805250305249, 0.9940857753357752, 0.9944482600732598, 0.9947535103785102, 0.9950873778998776, 0.9953449328449326, 0.9956692612942611, 0.9958791208791203, 0.9960699023199014, 0.9962988400488393, 0.9965659340659331, 0.9967662545787536, 0.9969093406593397, 0.997061965811965, 0.9972336691086685, 0.9973385989010983, 0.9974721459096454, 0.9976438492063489, 0.9977583180708174, 0.9978918650793642, 0.9980158730158724, 0.9981589590964586, 0.9982161935286931, 0.9982734279609274, 0.998368818681318, 0.9984260531135524, 0.9985596001220992, 0.9986072954822948, 0.9987026862026855, 0.9987313034188028], "error_total_2d": 0.03988342817552287, "area_3d": 0.8372324290293042, "thres_range": [0.0, 0.01, 0.02, 0.03, 0.04, 0.05, 0.06, 0.07, 0.08, 0.09, 0.1, 0.11, 0.12, 0.13, 0.14, 0.15, 0.16, 0.17, 0.18, 0.19, 0.2, 0.21, 0.22, 0.23, 0.24, 0.25, 0.26, 0.27, 0.28, 0.29, 0.3, 0.31, 0.32, 0.33, 0.34, 0.35000000000000003, 0.36, 0.37, 0.38, 0.39, 0.4, 0.41000000000000003, 0.42, 0.43, 0.44, 0.45, 0.46, 0.47000000000000003, 0.48, 0.49, 0.5, 0.51, 0.52, 0.53, 0.54, 0.55, 0.56, 0.5700000000000001, 0.58, 0.59, 0.6, 0.61, 0.62, 0.63, 0.64, 0.65, 0.66, 0.67, 0.68, 0.6900000000000001, 0.7000000000000001, 0.71, 0.72, 0.73, 0.74, 0.75, 0.76, 0.77, 0.78, 0.79, 0.8, 0.81, 0.8200000000000001, 0.8300000000000001, 0.84, 0.85, 0.86, 0.87, 0.88, 0.89, 0.9, 0.91, 0.92, 0.93, 0.9400000000000001, 0.9500000000000001, 0.96, 0.97, 0.98, 0.99], "error_total_3d": 0.15811188838473514, "acc_range_2d": [0.0, 0.1278331043956044, 0.3644020909645908, 0.5547447344322344, 0.680603250915751, 0.7638221153846153, 0.820093101343101, 0.8612065018315019, 0.8897760225885224, 0.9110195360195359, 0.928294795482295, 0.9409340659340657, 0.9509977869352867, 0.9592777014652012, 0.9660027472527472, 0.9715640262515262, 0.9762667887667889, 0.979929792429792, 0.9828869047619045, 0.985128586691087, 0.987084096459096, 0.9886771214896211, 0.9901842948717945, 0.9914052960927958, 0.9925022893772896, 0.9936565170940167, 0.994610424297924, 0.995230463980464, 0.9958695818070814, 0.9963560744810741, 0.9967376373626369, 0.9972050518925517, 0.9974053724053723, 0.9978060134310126, 0.9980540293040292, 0.998225732600732, 0.9984355921855916, 0.9986072954822947, 0.9987980769230762, 0.9989030067155061, 0.9989602411477406, 0.9991033272283268, 0.9991891788766782, 0.9992750305250302, 0.9993418040293034, 0.9994276556776552, 0.9994944291819287, 0.999523046398046, 0.9995993589743588, 0.999666132478632, 0.9996947496947494, 0.9997329059829059, 0.999761523199023, 0.9997901404151401, 0.9998282967032964, 0.9998378357753354, 0.9998473748473745, 0.9998569139194138, 0.9998569139194138, 0.9998950702075701, 0.9999141483516484, 0.9999236874236874, 0.9999332264957264, 0.9999332264957264, 0.9999427655677653, 0.9999523046398046, 0.9999523046398046, 0.9999618437118435, 0.9999618437118435, 0.9999618437118435, 0.9999618437118435, 0.9999618437118435, 0.9999618437118435, 0.9999618437118435, 0.9999713827838826, 0.9999809218559218, 0.9999809218559218, 0.9999904609279608, 0.9999904609279608, 0.9999904609279608, 0.9999904609279608, 0.9999904609279608, 0.9999904609279608, 0.9999904609279608, 0.9999904609279608, 0.9999904609279608, 1.0, 1.0, 1.0, 1.0, 1.0, 1.0, 1.0, 1.0, 1.0, 1.0, 1.0, 1.0, 1.0, 1.0], "area_2d": 0.9551135149572654, "error_keypoint_3d": [0.14457993218783463, 0.12114217366046759, 0.16324938211973625, 0.20785911251228895, 0.26435368632454087, 0.05727902024400231, 0.11627817493167523, 0.17400231032474833, 0.23804361623189882, 0.019329389099160228, 0.11137888319717604, 0.17923690255767538, 0.2446640642307242, 0.04729528970596547, 0.1289927252327265, 0.189506664623481, 0.2514503738575746, 0.08557953056730092, 0.132068912002955, 0.18924456824532124, 0.2548149442221844], "error_keypoint_2d": [0.035790867088458536, 0.030973376722438564, 0.03369758914781274, 0.03608119737006559, 0.044255158740544434, 0.029775724110264398, 0.0338725986661891, 0.03796672127039832, 0.04703904953899277, 0.027243802656695876, 0.037137422866384766, 0.0433803105426081, 0.052802475510801715, 0.028001841916484877, 0.041080815247861814, 0.049748660982931354, 0.060520370740528635, 0.03150304931698254, 0.036882887145828554, 0.04418220288092319, 0.05561586922278412]}