{"acc_range_3d": [0.0, 0.008973665223665226, 0.044620310245310234, 0.08912788600288596, 0.139069264069264, 0.1904761904761904, 0.2452876984126983, 0.3003472222222221, 0.35364808802308784, 0.4038825757575756, 0.4512085137085136, 0.4986922799422798, 0.5416666666666666, 0.5818226911976913, 0.6187094155844155, 0.6530257936507935, 0.6847492784992786, 0.7140602453102454, 0.7405979437229437, 0.7637987012987013, 0.7868641774891774, 0.8062770562770558, 0.8241341991341986, 0.8392631673881671, 0.8538510101010098, 0.8676497113997111, 0.8796221139971138, 0.8901966089466086, 0.8993281024531022, 0.9074224386724383, 0.9160804473304469, 0.9230925324675323, 0.9297213203463202, 0.9355609668109662, 0.9407242063492061, 0.9458198051948047, 0.9505997474747472, 0.9549512987012984, 0.9580176767676765, 0.961647727272727, 0.9647141053391051, 0.9675324675324672, 0.9699224386724384, 0.971929112554112, 0.9742739898989894, 0.9765737734487733, 0.9781746031746029, 0.9798656204906206, 0.981511544011544, 0.9824810606060606, 0.9837662337662338, 0.9848259379509379, 0.9861111111111108, 0.9869678932178927, 0.988253066378066, 0.9889971139971137, 0.9897411616161612, 0.9904626623376622, 0.9911165223665223, 0.9916125541125541, 0.9923566017316019, 0.9929428210678211, 0.9932810245310245, 0.9937545093795096, 0.9942054473304475, 0.9945661976911977, 0.9948818542568545, 0.9951298701298702, 0.9954004329004331, 0.9956484487734488, 0.9959190115440117, 0.9960993867243868, 0.9963699494949496, 0.9966405122655125, 0.9968434343434344, 0.9971590909090912, 0.9974747474747476, 0.997632575757576, 0.9976776695526698, 0.9978354978354979, 0.9981286075036077, 0.998263888888889, 0.9983089826839827, 0.9983540764790765, 0.9985119047619049, 0.9985344516594519, 0.9986246392496394, 0.9987373737373738, 0.9987824675324676, 0.9988501082251083, 0.9989853896103897, 0.9990530303030305, 0.9991432178932181, 0.9992108585858589, 0.9993235930735932, 0.99934613997114, 0.9994137806637808, 0.9995039682539684, 0.9995716089466091, 0.9995716089466091], "area_2d": 0.9625110479797983, "error_keypoint_2d": [0.026978707634925464, 0.02442473536388151, 0.027278026511573968, 0.028949201306755695, 0.036285120514369766, 0.023420093546381835, 0.027563408436917874, 0.03163252754400288, 0.04053580856452754, 0.02105321945865316, 0.030696279927476346, 0.0357052845489775, 0.04601269012889106, 0.021042711438619306, 0.034883165724295395, 0.04114117849667309, 0.05157151941680103, 0.022970621304976346, 0.0292036527907564, 0.03552575298382373, 0.045719052443928376], "thres_range": [0.0, 0.01, 0.02, 0.03, 0.04, 0.05, 0.06, 0.07, 0.08, 0.09, 0.1, 0.11, 0.12, 0.13, 0.14, 0.15, 0.16, 0.17, 0.18, 0.19, 0.2, 0.21, 0.22, 0.23, 0.24, 0.25, 0.26, 0.27, 0.28, 0.29, 0.3, 0.31, 0.32, 0.33, 0.34, 0.35000000000000003, 0.36, 0.37, 0.38, 0.39, 0.4, 0.41000000000000003, 0.42, 0.43, 0.44, 0.45, 0.46, 0.47000000000000003, 0.48, 0.49, 0.5, 0.51, 0.52, 0.53, 0.54, 0.55, 0.56, 0.5700000000000001, 0.58, 0.59, 0.6, 0.61, 0.62, 0.63, 0.64, 0.65, 0.66, 0.67, 0.68, 0.6900000000000001, 0.7000000000000001, 0.71, 0.72, 0.73, 0.74, 0.75, 0.76, 0.77, 0.78, 0.79, 0.8, 0.81, 0.8200000000000001, 0.8300000000000001, 0.84, 0.85, 0.86, 0.87, 0.88, 0.89, 0.9, 0.91, 0.92, 0.93, 0.9400000000000001, 0.9500000000000001, 0.96, 0.97, 0.98, 0.99], "error_total_3d": 0.13991128482849893, "error_total_2d": 0.032504417051771824, "area_3d": 0.8551346049783546, "acc_range_2d": [0.0, 0.16351010101010094, 0.4434523809523808, 0.6440070346320347, 0.763122294372294, 0.8354978354978354, 0.8807494588744585, 0.9099702380952379, 0.930442821067821, 0.9450081168831165, 0.956777597402597, 0.9648042929292926, 0.9711399711399709, 0.9763708513708513, 0.980587121212121, 0.9840818903318901, 0.9866296897546895, 0.9884334415584415, 0.9905979437229434, 0.9917929292929292, 0.9928977272727273, 0.9940025252525251, 0.9948142135642136, 0.9954004329004331, 0.9959866522366525, 0.9966856060606063, 0.9970463564213565, 0.9974071067821069, 0.9977002164502166, 0.9979707792207795, 0.9981962481962484, 0.9984893578643581, 0.9986697330447333, 0.9988726551226552, 0.998940295815296, 0.9989853896103897, 0.999098124098124, 0.9991657647907649, 0.9992559523809524, 0.999368686868687, 0.9994137806637808, 0.9994814213564214, 0.9995039682539684, 0.9995941558441559, 0.9996167027417027, 0.9996617965367965, 0.9997068903318903, 0.9997519841269841, 0.9998196248196248, 0.9998421717171716, 0.9998421717171716, 0.9998872655122655, 0.9998872655122655, 0.9998872655122655, 0.9999098124098125, 0.9999323593073595, 0.9999323593073595, 0.9999323593073595, 0.9999323593073595, 0.9999323593073595, 0.9999323593073595, 0.9999549062049062, 0.9999549062049062, 0.9999549062049062, 0.9999549062049062, 0.999977453102453, 0.999977453102453, 1.0, 1.0, 1.0, 1.0, 1.0, 1.0, 1.0, 1.0, 1.0, 1.0, 1.0, 1.0, 1.0, 1.0, 1.0, 1.0, 1.0, 1.0, 1.0, 1.0, 1.0, 1.0, 1.0, 1.0, 1.0, 1.0, 1.0, 1.0, 1.0, 1.0, 1.0, 1.0, 1.0], "error_keypoint_3d": [0.11485884622820638, 0.09801172574137154, 0.13628774602715787, 0.1762956136389579, 0.2308742378037564, 0.049401702223500855, 0.10274951350429821, 0.15693431591661824, 0.21994487022355758, 0.019681496721122214, 0.1012734946337084, 0.163394150670325, 0.22975063877388355, 0.041574668078861905, 0.11621775038480392, 0.16870570532090357, 0.23080901422883582, 0.07325055428615694, 0.11423686223464426, 0.16631259537781728, 0.22757147937998967]}