{"area_2d": 0.9680382898351655, "area_3d": 0.8445080700549448, "error_keypoint_3d": [0.10589673474430292, 0.0934925512720395, 0.12967887639220302, 0.17087644241324504, 0.21862240558048376, 0.04729932463618379, 0.11702362011046483, 0.1801811649890554, 0.24724767063889885, 0.01734708986109231, 0.11130527206380346, 0.1779898906744888, 0.24455654191562923, 0.03866188812184518, 0.1332800311528188, 0.20095700257624208, 0.26743513426607446, 0.06939408984101483, 0.1281514187315061, 0.19586938187496392, 0.26856130515154336], "error_keypoint_2d": [0.01792195335170641, 0.017315012334183148, 0.019592259213847905, 0.023174149217299763, 0.030262114989049665, 0.016429480313095796, 0.022489675656629515, 0.027929100665036143, 0.035627578529801425, 0.014806051128846028, 0.024482006880111255, 0.031242421440270052, 0.03884422892464593, 0.01573023481888086, 0.02843507453959167, 0.037022374586711475, 0.04503712084791308, 0.01828528392960694, 0.02499874241596281, 0.033145626955426145, 0.04317333507957791], "error_total_2d": 0.026949705991342564, "thres_range": [0.0, 0.01, 0.02, 0.03, 0.04, 0.05, 0.06, 0.07, 0.08, 0.09, 0.1, 0.11, 0.12, 0.13, 0.14, 0.15, 0.16, 0.17, 0.18, 0.19, 0.2, 0.21, 0.22, 0.23, 0.24, 0.25, 0.26, 0.27, 0.28, 0.29, 0.3, 0.31, 0.32, 0.33, 0.34, 0.35000000000000003, 0.36, 0.37, 0.38, 0.39, 0.4, 0.41000000000000003, 0.42, 0.43, 0.44, 0.45, 0.46, 0.47000000000000003, 0.48, 0.49, 0.5, 0.51, 0.52, 0.53, 0.54, 0.55, 0.56, 0.5700000000000001, 0.58, 0.59, 0.6, 0.61, 0.62, 0.63, 0.64, 0.65, 0.66, 0.67, 0.68, 0.6900000000000001, 0.7000000000000001, 0.71, 0.72, 0.73, 0.74, 0.75, 0.76, 0.77, 0.78, 0.79, 0.8, 0.81, 0.8200000000000001, 0.8300000000000001, 0.84, 0.85, 0.86, 0.87, 0.88, 0.89, 0.9, 0.91, 0.92, 0.93, 0.9400000000000001, 0.9500000000000001, 0.96, 0.97, 0.98, 0.99], "acc_range_2d": [0.0, 0.21523962148962134, 0.5210813492063492, 0.7039739774114776, 0.8074729090354087, 0.8699347527472523, 0.9105807387057385, 0.937528617216117, 0.9556051587301585, 0.9684447496947493, 0.9774687118437114, 0.9836881868131866, 0.9878663003663005, 0.9909283424908428, 0.9934561965811961, 0.9953735500610497, 0.99649916056166, 0.9974721459096452, 0.9981494200244194, 0.9984928266178256, 0.9989030067155057, 0.9991510225885218, 0.9993036477411471, 0.9994848901098894, 0.9995612026862023, 0.999666132478632, 0.9997233669108666, 0.9997901404151401, 0.9998378357753356, 0.9998855311355308, 0.9998950702075701, 0.9999141483516482, 0.9999236874236874, 0.9999523046398046, 0.9999618437118437, 0.9999618437118437, 0.9999713827838829, 0.9999713827838829, 0.9999713827838829, 0.9999809218559218, 0.9999809218559218, 0.9999809218559218, 0.9999809218559218, 0.9999809218559218, 0.9999809218559218, 0.9999809218559218, 0.9999809218559218, 0.9999904609279608, 0.9999904609279608, 0.9999904609279608, 0.9999904609279608, 0.9999904609279608, 0.9999904609279608, 0.9999904609279608, 0.9999904609279608, 0.9999904609279608, 0.9999904609279608, 0.9999904609279608, 1.0, 1.0, 1.0, 1.0, 1.0, 1.0, 1.0, 1.0, 1.0, 1.0, 1.0, 1.0, 1.0, 1.0, 1.0, 1.0, 1.0, 1.0, 1.0, 1.0, 1.0, 1.0, 1.0, 1.0, 1.0, 1.0, 1.0, 1.0, 1.0, 1.0, 1.0, 1.0, 1.0, 1.0, 1.0, 1.0, 1.0, 1.0, 1.0, 1.0, 1.0, 1.0], "error_total_3d": 0.15065846842894762, "acc_range_3d": [0.0, 0.011408730158730163, 0.05300862332112329, 0.10022702991452989, 0.14891445360195357, 0.19892780830280812, 0.24974244505494503, 0.30026137057387053, 0.34954975579975567, 0.39581425518925506, 0.44052388583638563, 0.48289644383394387, 0.5225694444444445, 0.5596764346764345, 0.5944368131868131, 0.6267551892551894, 0.6563453907203906, 0.6835889804639804, 0.7093826312576316, 0.732285943223443, 0.7533291361416362, 0.772788843101343, 0.7904265873015871, 0.8070245726495723, 0.8219055250305246, 0.8356513278388277, 0.8480616605616603, 0.8598328754578751, 0.8707455738705735, 0.8802941849816844, 0.8888030372405371, 0.8972164987789987, 0.9042563339438338, 0.9112293956043953, 0.9177064255189251, 0.9240022130647131, 0.9296970390720386, 0.9348958333333329, 0.9393791971916968, 0.9434333028083026, 0.9472489316239313, 0.9509214743589738, 0.954393696581196, 0.9573985042735038, 0.9600599053724054, 0.9627117673992672, 0.9651251526251523, 0.9672905219780216, 0.9693605006104999, 0.9713637057387052, 0.9732142857142856, 0.9751030219780219, 0.9768486721611718, 0.978441697191697, 0.9798820970695968, 0.9812271062271063, 0.9824576465201468, 0.9835069444444441, 0.9845943986568986, 0.9855387667887666, 0.9865022130647131, 0.9873511904761904, 0.9881620115995119, 0.988753434065934, 0.9894974816849813, 0.9900793650793648, 0.9906421703296704, 0.9913003663003662, 0.9918059371184367, 0.9923496642246641, 0.9927312271062266, 0.9930937118437118, 0.9935992826617825, 0.9939999236874241, 0.9943910256410257, 0.994658119658119, 0.994877518315018, 0.9952209249084246, 0.9955357142857142, 0.9958505036630034, 0.9961175976800973, 0.9963942307692304, 0.9966422466422458, 0.9968425671550665, 0.9970524267399261, 0.9972622863247858, 0.9974339896214889, 0.9976438492063487, 0.9977964743589738, 0.9979395604395597, 0.9981208028083021, 0.998225732600732, 0.9983306623931619, 0.9984451312576306, 0.9985023656898651, 0.9985786782661774, 0.9986836080586071, 0.998788537851037, 0.9989125457875451, 0.9990079365079358]}