{"thres_range": [0.0, 0.01, 0.02, 0.03, 0.04, 0.05, 0.06, 0.07, 0.08, 0.09, 0.1, 0.11, 0.12, 0.13, 0.14, 0.15, 0.16, 0.17, 0.18, 0.19, 0.2, 0.21, 0.22, 0.23, 0.24, 0.25, 0.26, 0.27, 0.28, 0.29, 0.3, 0.31, 0.32, 0.33, 0.34, 0.35000000000000003, 0.36, 0.37, 0.38, 0.39, 0.4, 0.41000000000000003, 0.42, 0.43, 0.44, 0.45, 0.46, 0.47000000000000003, 0.48, 0.49, 0.5, 0.51, 0.52, 0.53, 0.54, 0.55, 0.56, 0.5700000000000001, 0.58, 0.59, 0.6, 0.61, 0.62, 0.63, 0.64, 0.65, 0.66, 0.67, 0.68, 0.6900000000000001, 0.7000000000000001, 0.71, 0.72, 0.73, 0.74, 0.75, 0.76, 0.77, 0.78, 0.79, 0.8, 0.81, 0.8200000000000001, 0.8300000000000001, 0.84, 0.85, 0.86, 0.87, 0.88, 0.89, 0.9, 0.91, 0.92, 0.93, 0.9400000000000001, 0.9500000000000001, 0.96, 0.97, 0.98, 0.99], "error_total_3d": 0.17487859447437523, "acc_range_3d": [0.0, 0.008595708020050124, 0.04166666666666667, 0.07775297619047615, 0.11188126566416035, 0.1500822368421052, 0.19061325187969913, 0.23202537593984954, 0.2738486842105262, 0.3152020676691728, 0.3571036967418545, 0.39781093358395986, 0.4360706453634083, 0.4736058897243106, 0.5086348684210527, 0.5436834273182959, 0.5744439223057646, 0.6040296052631579, 0.6323229949874687, 0.6584625626566417, 0.6845825501253132, 0.7070214598997495, 0.7288729636591477, 0.7478853383458645, 0.7664082080200502, 0.7839324874686716, 0.8000469924812027, 0.8144971804511275, 0.8278704573934835, 0.8406367481203003, 0.8518366228070173, 0.8618616854636588, 0.8715734649122805, 0.8806586779448619, 0.8894697681704259, 0.897301848370927, 0.9050164473684207, 0.9117128759398492, 0.9180960213032582, 0.9233826754385961, 0.9283364661654133, 0.9332706766917288, 0.9377349624060146, 0.9420426065162902, 0.9460369674185459, 0.9495418233082703, 0.9531054197994983, 0.9559837092731827, 0.9585682957393482, 0.9612116228070171, 0.963522086466165, 0.9657150689223052, 0.9678297305764408, 0.9697290100250626, 0.9714324874686717, 0.9732142857142858, 0.9749765037593981, 0.9766995614035087, 0.9778547932330824, 0.9791666666666662, 0.9801456766917291, 0.9812225877192982, 0.9823386591478692, 0.9833176691729322, 0.9841596177944861, 0.9849232456140351, 0.9860393170426066, 0.9869204260651628, 0.9877232142857142, 0.9882910401002507, 0.9887413847117795, 0.9895050125313285, 0.9900140977443611, 0.9905819235588976, 0.9911301691729326, 0.991482612781955, 0.9920308583959901, 0.9924420426065165, 0.9929707080200502, 0.9933035714285715, 0.9937147556390977, 0.9942042606516293, 0.9944392230576444, 0.9946546052631579, 0.9949287280701754, 0.9951636904761904, 0.9955552944862155, 0.995829417293233, 0.9960447994987468, 0.9963189223057641, 0.9964951441102755, 0.9967301065162905, 0.9968475877192979, 0.9970042293233081, 0.9971608709273184, 0.9972783521303258, 0.9974545739348369, 0.9976503759398492, 0.9977874373433581, 0.9979244987468671], "error_keypoint_3d": [0.130706645270134, 0.11798163124024684, 0.16232291636237947, 0.21194285526144085, 0.2674750224131889, 0.05854392633447883, 0.13499824036147115, 0.20346053706950779, 0.2752230484720234, 0.018452780449239838, 0.12371673702728003, 0.19736730407787131, 0.26930938315490494, 0.04789771489068746, 0.14826451834156423, 0.22526306404745955, 0.2951691796885203, 0.08783410759736542, 0.15396798629502118, 0.22983202489252252, 0.3127208607145708], "area_3d": 0.8206694470551376, "area_2d": 0.9649688674812035, "acc_range_2d": [0.0, 0.1766721491228069, 0.46087875939849615, 0.6533129699248119, 0.7684641290726816, 0.841909461152882, 0.8891564849624057, 0.9212484335839592, 0.9436286027568919, 0.9596843671679195, 0.9711387844611528, 0.9784030388471178, 0.9843554197994988, 0.9885064223057641, 0.9915217731829573, 0.9935776942355887, 0.9950853696741857, 0.9962601817042605, 0.9973370927318296, 0.9977874373433583, 0.9982965225563909, 0.9985314849624061, 0.9988643483709272, 0.9990209899749374, 0.9991972117794488, 0.9993538533834585, 0.9994517543859649, 0.9995300751879699, 0.9996279761904762, 0.9996671365914787, 0.9997258771929826, 0.9997454573934836, 0.999765037593985, 0.9997846177944864, 0.9998237781954886, 0.9998237781954886, 0.9998237781954886, 0.99984335839599, 0.99984335839599, 0.99984335839599, 0.99984335839599, 0.99984335839599, 0.99984335839599, 0.9998629385964913, 0.9998825187969925, 0.9999020989974937, 0.9999020989974937, 0.9999020989974937, 0.999921679197995, 0.999921679197995, 0.999921679197995, 0.999921679197995, 0.999921679197995, 0.9999412593984963, 0.9999608395989975, 0.9999804197994987, 0.9999804197994987, 0.9999804197994987, 0.9999804197994987, 0.9999804197994987, 1.0, 1.0, 1.0, 1.0, 1.0, 1.0, 1.0, 1.0, 1.0, 1.0, 1.0, 1.0, 1.0, 1.0, 1.0, 1.0, 1.0, 1.0, 1.0, 1.0, 1.0, 1.0, 1.0, 1.0, 1.0, 1.0, 1.0, 1.0, 1.0, 1.0, 1.0, 1.0, 1.0, 1.0, 1.0, 1.0, 1.0, 1.0, 1.0, 1.0], "error_total_2d": 0.030017902156320282, "error_keypoint_2d": [0.020193680340238836, 0.02029304620064546, 0.02387674451556689, 0.02762625188804697, 0.034266610314908144, 0.02006060403604543, 0.025698909569679306, 0.03057866776497289, 0.03828637141720336, 0.017869936295866, 0.026915445707752377, 0.03373847533885055, 0.04089551585087448, 0.018858928255500167, 0.029747032922602414, 0.038388887518498165, 0.04623904834167996, 0.022153697557505916, 0.02848016933026692, 0.03746514180880025, 0.048742780307221484]}