{"acc_range_2d": [0.0, 0.25585699023199016, 0.583276098901099, 0.7579555860805859, 0.8467071123321122, 0.8975312881562877, 0.9308608058608053, 0.952228327228327, 0.9668231074481071, 0.976610195360195, 0.983096764346764, 0.9876564407814404, 0.9908234126984127, 0.9930555555555555, 0.9947153540903539, 0.9959554334554337, 0.9969093406593404, 0.9976724664224664, 0.9982448107448106, 0.9987599206349207, 0.9990842490842491, 0.9992750305250303, 0.9994467338217339, 0.9995421245421247, 0.9996756715506715, 0.9997329059829059, 0.9997710622710623, 0.9998473748473748, 0.9998664529914532, 0.9998855311355311, 0.9999046092796092, 0.9999236874236874, 0.9999236874236874, 0.9999236874236874, 0.9999427655677656, 0.9999618437118437, 0.9999618437118437, 0.9999809218559218, 0.9999809218559218, 0.9999809218559218, 0.9999809218559218, 0.9999809218559218, 1.0, 1.0, 1.0, 1.0, 1.0, 1.0, 1.0, 1.0, 1.0, 1.0, 1.0, 1.0, 1.0, 1.0, 1.0, 1.0, 1.0, 1.0, 1.0, 1.0, 1.0, 1.0, 1.0, 1.0, 1.0, 1.0, 1.0, 1.0, 1.0, 1.0, 1.0, 1.0, 1.0, 1.0, 1.0, 1.0, 1.0, 1.0, 1.0, 1.0, 1.0, 1.0, 1.0, 1.0, 1.0, 1.0, 1.0, 1.0, 1.0, 1.0, 1.0, 1.0, 1.0, 1.0, 1.0, 1.0, 1.0, 1.0], "area_3d": 0.8683802655677655, "acc_range_3d": [0.0, 0.013163919413919416, 0.06496108058608055, 0.12290140415140414, 0.182883089133089, 0.24572649572649566, 0.3058608058608058, 0.36311431623931617, 0.4209592490842488, 0.475389194139194, 0.5235042735042734, 0.5703792735042738, 0.6115499084249085, 0.6483707264957268, 0.6834172771672771, 0.713465354090354, 0.7403846153846153, 0.7650144993894993, 0.7855998168498165, 0.8053647741147741, 0.8227831196581195, 0.8389041514041512, 0.8537660256410253, 0.8665483821733818, 0.8784722222222218, 0.8884119352869349, 0.8975312881562879, 0.9057539682539676, 0.9136904761904757, 0.9209210927960927, 0.9268734737484735, 0.9330738705738701, 0.9380532661782658, 0.9425175518925516, 0.9471726190476186, 0.9512744200244198, 0.955147283272283, 0.9585813492063487, 0.9619581807081804, 0.9646481990231985, 0.9672809829059826, 0.969589438339438, 0.9716307997557996, 0.9737484737484735, 0.9756944444444443, 0.9772970085470083, 0.9790140415140416, 0.9803304334554332, 0.981360653235653, 0.982810592185592, 0.9841651404151401, 0.985176282051282, 0.9860157203907202, 0.986893315018315, 0.9879044566544563, 0.9886866605616601, 0.9894307081807077, 0.9899458180708179, 0.9905944749694746, 0.991243131868132, 0.991929945054945, 0.9923687423687425, 0.9929410866910868, 0.9934561965811965, 0.9938377594627593, 0.99414300976801, 0.9947344322344324, 0.9950587606837608, 0.9953830891330893, 0.9956883394383395, 0.996031746031746, 0.9962416056166057, 0.9965850122100122, 0.9967376373626374, 0.9969665750915752, 0.9971573565323567, 0.9974244505494507, 0.9975961538461541, 0.997748778998779, 0.9978250915750915, 0.9980158730158731, 0.9983020451770451, 0.9983592796092796, 0.9984355921855922, 0.9986072954822955, 0.9987599206349207, 0.9988743894993893, 0.9990270146520146, 0.9991414835164835, 0.9992368742368742, 0.9992750305250305, 0.9993131868131868, 0.9993131868131868, 0.9993513431013431, 0.9993894993894992, 0.9994658119658117, 0.9995039682539681, 0.9995612026862025, 0.9996565934065935, 0.9996756715506715], "thres_range": [0.0, 0.01, 0.02, 0.03, 0.04, 0.05, 0.06, 0.07, 0.08, 0.09, 0.1, 0.11, 0.12, 0.13, 0.14, 0.15, 0.16, 0.17, 0.18, 0.19, 0.2, 0.21, 0.22, 0.23, 0.24, 0.25, 0.26, 0.27, 0.28, 0.29, 0.3, 0.31, 0.32, 0.33, 0.34, 0.35000000000000003, 0.36, 0.37, 0.38, 0.39, 0.4, 0.41000000000000003, 0.42, 0.43, 0.44, 0.45, 0.46, 0.47000000000000003, 0.48, 0.49, 0.5, 0.51, 0.52, 0.53, 0.54, 0.55, 0.56, 0.5700000000000001, 0.58, 0.59, 0.6, 0.61, 0.62, 0.63, 0.64, 0.65, 0.66, 0.67, 0.68, 0.6900000000000001, 0.7000000000000001, 0.71, 0.72, 0.73, 0.74, 0.75, 0.76, 0.77, 0.78, 0.79, 0.8, 0.81, 0.8200000000000001, 0.8300000000000001, 0.84, 0.85, 0.86, 0.87, 0.88, 0.89, 0.9, 0.91, 0.92, 0.93, 0.9400000000000001, 0.9500000000000001, 0.96, 0.97, 0.98, 0.99], "error_keypoint_3d": [0.08166528333272137, 0.07039008870047744, 0.098322148937232, 0.1319471864639453, 0.17381428750414693, 0.036947732796621634, 0.09949077470026588, 0.15519603061898707, 0.21753548985035218, 0.01643528763177015, 0.09893148397588028, 0.1557799322580626, 0.2172305589979843, 0.030210745562679876, 0.1175044603561475, 0.17525644970774942, 0.23752190327668826, 0.05229572172081531, 0.10445215814270807, 0.16352185752401008, 0.22533490038432108], "area_2d": 0.9710031288156293, "error_keypoint_2d": [0.015530642986260109, 0.014747046563244135, 0.016135441010180492, 0.019424910597419326, 0.02699492381175216, 0.013208400294522504, 0.019860975388709425, 0.02561740478307538, 0.03329447023244752, 0.011585226850684194, 0.022052115795234455, 0.028727320288057037, 0.0373658368482374, 0.012287435276448377, 0.02629263453410693, 0.03465433958704941, 0.04207207138626519, 0.014489414810435473, 0.02130016584393301, 0.029306497090578303, 0.0390927508227343], "error_total_2d": 0.02400190594292262, "error_total_3d": 0.12665640392588412}