{"error_keypoint_2d": [-1.0, -1.0, -1.0, -1.0, 0.03951730604996194, -1.0, -1.0, -1.0, 0.03767285710339098, -1.0, -1.0, -1.0, 0.03840070503702009, -1.0, -1.0, -1.0, 0.04227808237590644, -1.0, -1.0, -1.0, 0.056218248032867756], "error_total_2d": 0.043233584778831054}