{"error_keypoint_2d": [-1.0, -1.0, -1.0, -1.0, 11.095777463832235, -1.0, -1.0, -1.0, 10.169441014230252, -1.0, -1.0, -1.0, 10.086480998569945, -1.0, -1.0, -1.0, 10.293324113203402, -1.0, -1.0, -1.0, 14.935324444435537], "error_total_2d": 11.36007865816571}