{"error_total_2d": 0.05772456913629787, "error_keypoint_2d": [-1.0, -1.0, -1.0, -1.0, 0.07071479609793554, -1.0, -1.0, -1.0, 0.0740567872993779, -1.0, -1.0, -1.0, 0.04334424193148152, -1.0, -1.0, -1.0, 0.04357827600088058, -1.0, -1.0, -1.0, 0.06435753039550036]}