{"error_total_2d": 0.3216799237263272, "error_keypoint_2d": [-1.0, -1.0, -1.0, -1.0, 0.3731644192192744, -1.0, -1.0, -1.0, 0.38382470260839907, -1.0, -1.0, -1.0, 0.1963750346505549, -1.0, -1.0, -1.0, 0.21737646406800196, -1.0, -1.0, -1.0, 0.46686036037281153]}