{"acc_range_3d": [0.0, 0.0091991341991342, 0.047686688311688305, 0.09591450216450212, 0.14587842712842705, 0.2025613275613275, 0.2578012265512265, 0.31374007936507914, 0.36916035353535337, 0.42250631313131304, 0.4722222222222222, 0.5189844877344876, 0.5645743145743146, 0.6035128066378066, 0.6413915945165947, 0.6748962842712841, 0.704026875901876, 0.7313988095238093, 0.7554112554112553, 0.7785894660894659, 0.7992649711399711, 0.8174377705627704, 0.8344606782106779, 0.849025974025974, 0.8611787518037516, 0.8735344516594513, 0.8850108225108223, 0.8955176767676765, 0.9041531385281382, 0.9126307720057715, 0.92027417027417, 0.927534271284271, 0.9332611832611829, 0.9393037518037514, 0.9445346320346314, 0.9484352453102449, 0.9523358585858581, 0.9564619408369405, 0.9597763347763344, 0.962549603174603, 0.9656159812409811, 0.9685470779220774, 0.9707566738816735, 0.972830988455988, 0.9750405844155839, 0.9769796176046174, 0.978828463203463, 0.9803616522366521, 0.9823232323232323, 0.9835858585858585, 0.9847808441558441, 0.9858180014430011, 0.9868777056277052, 0.9878923160173156, 0.9888167388167386, 0.9896960678210672, 0.9901470057720053, 0.9908685064935061, 0.9912968975468972, 0.9919507575757573, 0.992469336219336, 0.9929202741702743, 0.9934163059163059, 0.993844696969697, 0.9941152597402599, 0.9944985569985572, 0.9948142135642136, 0.9951073232323234, 0.9953327922077922, 0.9956709956709958, 0.9959866522366525, 0.996347402597403, 0.9965052308802311, 0.9968208874458878, 0.9970914502164505, 0.9972267316017319, 0.9973620129870132, 0.9975423881673884, 0.9977227633477636, 0.9978580447330448, 0.9979482323232325, 0.9980835137085138, 0.9981962481962484, 0.9983540764790767, 0.9985119047619049, 0.9986697330447333, 0.9988275613275613, 0.9989628427128427, 0.9990304834054835, 0.999120670995671, 0.9991657647907649, 0.9992108585858587, 0.9993010461760462, 0.9993235930735932, 0.99934613997114, 0.9993912337662338, 0.9994137806637808, 0.9995265151515151, 0.9995265151515151, 0.9995490620490621], "error_keypoint_3d": [0.11630832005418294, 0.09717124359094394, 0.13269080636955827, 0.17126604838686585, 0.22236860198697259, 0.04934343394283629, 0.1010236719717575, 0.1494874849452048, 0.20793725822075043, 0.019414412773557793, 0.10066837801379293, 0.16236813951752882, 0.2262197219181072, 0.04065867704257747, 0.11006486402788362, 0.16128832870460677, 0.22194207389398027, 0.07175867504680133, 0.1120259503842328, 0.16065381720545702, 0.21802305688095547], "area_2d": 0.9674866973304476, "error_total_3d": 0.1358420459465978, "thres_range": [0.0, 0.01, 0.02, 0.03, 0.04, 0.05, 0.06, 0.07, 0.08, 0.09, 0.1, 0.11, 0.12, 0.13, 0.14, 0.15, 0.16, 0.17, 0.18, 0.19, 0.2, 0.21, 0.22, 0.23, 0.24, 0.25, 0.26, 0.27, 0.28, 0.29, 0.3, 0.31, 0.32, 0.33, 0.34, 0.35000000000000003, 0.36, 0.37, 0.38, 0.39, 0.4, 0.41000000000000003, 0.42, 0.43, 0.44, 0.45, 0.46, 0.47000000000000003, 0.48, 0.49, 0.5, 0.51, 0.52, 0.53, 0.54, 0.55, 0.56, 0.5700000000000001, 0.58, 0.59, 0.6, 0.61, 0.62, 0.63, 0.64, 0.65, 0.66, 0.67, 0.68, 0.6900000000000001, 0.7000000000000001, 0.71, 0.72, 0.73, 0.74, 0.75, 0.76, 0.77, 0.78, 0.79, 0.8, 0.81, 0.8200000000000001, 0.8300000000000001, 0.84, 0.85, 0.86, 0.87, 0.88, 0.89, 0.9, 0.91, 0.92, 0.93, 0.9400000000000001, 0.9500000000000001, 0.96, 0.97, 0.98, 0.99], "error_keypoint_2d": [0.019547984593207893, 0.014788511735346357, 0.016863553315336805, 0.019460452161431684, 0.030463900171539673, 0.015525685111724946, 0.020821303716519596, 0.027732414891343895, 0.04189459584304958, 0.015434311020650663, 0.025031325914107692, 0.03262564293113841, 0.045680122194712014, 0.01571992759073565, 0.029913295743881463, 0.037287823960151865, 0.050607223200627646, 0.016688225396013546, 0.023039454250465496, 0.03143673225259714, 0.047043609505966415], "area_3d": 0.859212662337662, "acc_range_2d": [0.0, 0.27232142857142844, 0.5847312409812409, 0.7445887445887445, 0.8251037157287153, 0.8729707792207789, 0.9042433261183256, 0.9258432539682535, 0.9407016594516594, 0.951321248196248, 0.959212662337662, 0.9661120129870129, 0.9716810966810967, 0.9756042568542563, 0.9794597763347762, 0.9824810606060606, 0.9850514069264068, 0.9871933621933621, 0.9892451298701294, 0.9907783189033184, 0.9921762265512263, 0.9931457431457434, 0.9939799783549788, 0.9948818542568547, 0.9955357142857144, 0.99607683982684, 0.9965728715728719, 0.9970463564213567, 0.9974972943722946, 0.9978580447330448, 0.9981060606060608, 0.9983315295815297, 0.9985795454545456, 0.998714826839827, 0.998917748917749, 0.9990079365079365, 0.9991657647907649, 0.9992784992784994, 0.999368686868687, 0.9995265151515151, 0.9995941558441559, 0.9996167027417027, 0.9996392496392498, 0.9996617965367965, 0.9996843434343435, 0.9997294372294373, 0.9997519841269841, 0.9997970779220778, 0.9998421717171716, 0.9998647186147186, 0.9998872655122655, 0.9999098124098125, 0.9999098124098125, 0.9999098124098125, 0.9999098124098125, 0.9999098124098125, 0.9999323593073592, 0.9999323593073592, 0.9999323593073592, 0.9999549062049062, 0.9999549062049062, 0.999977453102453, 0.999977453102453, 0.999977453102453, 1.0, 1.0, 1.0, 1.0, 1.0, 1.0, 1.0, 1.0, 1.0, 1.0, 1.0, 1.0, 1.0, 1.0, 1.0, 1.0, 1.0, 1.0, 1.0, 1.0, 1.0, 1.0, 1.0, 1.0, 1.0, 1.0, 1.0, 1.0, 1.0, 1.0, 1.0, 1.0, 1.0, 1.0, 1.0, 1.0], "error_total_2d": 0.027505052166692773}