{"acc_range_3d": [0.0, 0.00902396214896215, 0.0430212148962149, 0.08300900488400484, 0.12493322649572644, 0.1697191697191697, 0.21670863858363854, 0.2647283272283272, 0.31240460927960906, 0.3590029761904761, 0.40505761599511575, 0.44750648656898645, 0.48875343406593386, 0.5288747710622712, 0.5652186355311354, 0.600103021978022, 0.6316201159951161, 0.6608478327228328, 0.6883775946275948, 0.7132077991452993, 0.7366739163614159, 0.7587187118437118, 0.778407356532356, 0.7960641788766788, 0.8133489774114772, 0.8279437576312574, 0.8414224664224662, 0.8546436202686197, 0.8665769993894992, 0.8770604395604389, 0.8869143009768007, 0.8955280830280825, 0.9037507631257627, 0.911448794261294, 0.9183741605616603, 0.9244791666666665, 0.9303647741147741, 0.9354872557997558, 0.9399324633699632, 0.9445016788766781, 0.9490804334554331, 0.9525908119658119, 0.9562728937728939, 0.9592872405372399, 0.9625400641025633, 0.9651728479853481, 0.9675862332112332, 0.9699900793650793, 0.9723271520146519, 0.9742158882783881, 0.9758470695970691, 0.9775736416361414, 0.9790808150183148, 0.980435363247863, 0.9815418956043956, 0.9826293498168497, 0.9838217338217337, 0.9847565628815624, 0.9858058608058604, 0.9867025335775335, 0.9874656593406593, 0.9882669413919416, 0.9890586843711847, 0.9897550366300368, 0.9904704670329669, 0.9910141941391941, 0.9915483821733821, 0.9920444139194142, 0.992569062881563, 0.9928743131868134, 0.9933035714285714, 0.9935802045177043, 0.9938663766788767, 0.9941716269841271, 0.9945818070818072, 0.9949156746031746, 0.9952113858363857, 0.9954689407814408, 0.9957741910866909, 0.9960031288156285, 0.9961843711843711, 0.9963846916971912, 0.9965754731379727, 0.9967853327228323, 0.9969379578754575, 0.9970905830280825, 0.9973099816849813, 0.9974626068376065, 0.9976152319902315, 0.9977297008547004, 0.9978632478632471, 0.9979490995115987, 0.9981684981684975, 0.9982161935286928, 0.9983497405372398, 0.9984451312576306, 0.998511904761904, 0.9985977564102558, 0.9986359126984121, 0.9987026862026855], "error_keypoint_3d": [0.1444201414069073, 0.12034851323066202, 0.1601382731458169, 0.20356332237693445, 0.25863961708390165, 0.0569680208817049, 0.1157039975930671, 0.17041560634681494, 0.23206552655774898, 0.0191030837322731, 0.11212995601458832, 0.18009902016050405, 0.2444596543079033, 0.04636984829057138, 0.12680343521009116, 0.18753590726732794, 0.2505896273662354, 0.08429199696123153, 0.1310983168643874, 0.1865816902863093, 0.24956224497724086], "error_total_3d": 0.15623275238391535, "area_2d": 0.9599274076617837, "area_3d": 0.8390647893772891, "error_total_2d": 0.03505850031676373, "acc_range_2d": [0.0, 0.20278159340659338, 0.4803685897435898, 0.6501259157509156, 0.7485691391941388, 0.8100103021978023, 0.8517628205128205, 0.8817441239316238, 0.9035885989010987, 0.920873397435897, 0.9340659340659335, 0.9447687728937726, 0.9534684065934065, 0.960298382173382, 0.9664320054945051, 0.9715354090354089, 0.975408272283272, 0.9791571275946277, 0.9821714743589743, 0.9846134768009771, 0.9867216117216119, 0.9882764804639808, 0.9898408882783883, 0.9912526709401706, 0.9923115079365078, 0.9932844932844928, 0.9940380799755795, 0.994639041514041, 0.9952495421245413, 0.9957551129426124, 0.9962797619047612, 0.9966422466422461, 0.9971192002441993, 0.9974912240537234, 0.9977583180708174, 0.9980254120879113, 0.9982543498168494, 0.9984832875457872, 0.9987313034188026, 0.9989697802197793, 0.99906517094017, 0.9992177960927955, 0.9993227258852253, 0.9993990384615379, 0.9994467338217333, 0.9995325854700849, 0.9995802808302804, 0.9995993589743585, 0.9996279761904757, 0.999647054334554, 0.9996947496947493, 0.9997424450549448, 0.999751984126984, 0.9997996794871793, 0.9998187576312575, 0.9998282967032966, 0.9998473748473745, 0.9998759920634919, 0.9998759920634919, 0.999885531135531, 0.9998950702075701, 0.9999141483516484, 0.9999141483516484, 0.9999141483516484, 0.9999141483516484, 0.9999332264957264, 0.9999523046398046, 0.9999618437118437, 0.9999809218559218, 0.9999904609279608, 0.9999904609279608, 0.9999904609279608, 0.9999904609279608, 0.9999904609279608, 0.9999904609279608, 0.9999904609279608, 1.0, 1.0, 1.0, 1.0, 1.0, 1.0, 1.0, 1.0, 1.0, 1.0, 1.0, 1.0, 1.0, 1.0, 1.0, 1.0, 1.0, 1.0, 1.0, 1.0, 1.0, 1.0, 1.0, 1.0], "thres_range": [0.0, 0.01, 0.02, 0.03, 0.04, 0.05, 0.06, 0.07, 0.08, 0.09, 0.1, 0.11, 0.12, 0.13, 0.14, 0.15, 0.16, 0.17, 0.18, 0.19, 0.2, 0.21, 0.22, 0.23, 0.24, 0.25, 0.26, 0.27, 0.28, 0.29, 0.3, 0.31, 0.32, 0.33, 0.34, 0.35000000000000003, 0.36, 0.37, 0.38, 0.39, 0.4, 0.41000000000000003, 0.42, 0.43, 0.44, 0.45, 0.46, 0.47000000000000003, 0.48, 0.49, 0.5, 0.51, 0.52, 0.53, 0.54, 0.55, 0.56, 0.5700000000000001, 0.58, 0.59, 0.6, 0.61, 0.62, 0.63, 0.64, 0.65, 0.66, 0.67, 0.68, 0.6900000000000001, 0.7000000000000001, 0.71, 0.72, 0.73, 0.74, 0.75, 0.76, 0.77, 0.78, 0.79, 0.8, 0.81, 0.8200000000000001, 0.8300000000000001, 0.84, 0.85, 0.86, 0.87, 0.88, 0.89, 0.9, 0.91, 0.92, 0.93, 0.9400000000000001, 0.9500000000000001, 0.96, 0.97, 0.98, 0.99], "error_keypoint_2d": [0.027960307728743573, 0.02203407355140814, 0.02371387770141353, 0.02747753481172274, 0.04017176689500537, 0.022401729998388367, 0.02791666745916024, 0.03496127321592468, 0.04864286122344707, 0.022036635516239283, 0.03159911996030109, 0.03974089767667867, 0.05082518519808824, 0.02275207319432108, 0.03646049573187728, 0.045432049068736914, 0.05826209614122618, 0.024903765599849345, 0.031376305784078795, 0.04058325599240876, 0.05697653420301881]}