{"acc_range_3d": [0.0, 0.00874255952380952, 0.04000946969696969, 0.07540246212121207, 0.11182697510822508, 0.15021306818181815, 0.1933847402597402, 0.23733428030303017, 0.2816220238095238, 0.32278138528138517, 0.3656486742424241, 0.406757305194805, 0.4470711580086577, 0.48664096320346323, 0.5231669372294372, 0.5566829004329006, 0.589150432900433, 0.620028409090909, 0.6488940746753248, 0.6765591179653677, 0.7026176948051948, 0.7260213744588743, 0.7487655573593073, 0.7680262445887446, 0.7872700216450212, 0.8044000270562767, 0.8202617694805194, 0.8342295725108225, 0.8464894480519479, 0.8585633116883116, 0.8690307088744585, 0.8800054112554111, 0.8895596590909087, 0.8982514880952376, 0.9058610660173158, 0.9132000811688307, 0.9199472402597398, 0.926170183982684, 0.9319365530303028, 0.9368066829004328, 0.9418459145021644, 0.9460227272727266, 0.9501995400432897, 0.9538014069264068, 0.9573356331168825, 0.9605992965367963, 0.9633387445887444, 0.9658752705627708, 0.9680905032467532, 0.9701197240259735, 0.9718276515151509, 0.9737554112554108, 0.9756662608225106, 0.9771543560606063, 0.9788115530303032, 0.9804011093073594, 0.9816017316017313, 0.9828023538961035, 0.9837831439393935, 0.9847132034632033, 0.9856770833333333, 0.9867593344155843, 0.9876048430735932, 0.9883658008658007, 0.9891605790043285, 0.9895156926406922, 0.9902597402597401, 0.9908685064935061, 0.9913081709956709, 0.9916125541125539, 0.9921367694805192, 0.9925426136363636, 0.9928131764069263, 0.9932528409090909, 0.9936079545454549, 0.9939292478354979, 0.9944872835497837, 0.994910037878788, 0.9951806006493509, 0.9954849837662341, 0.995704816017316, 0.9959077380952382, 0.9960430194805194, 0.9962290313852814, 0.9964488636363636, 0.9966179653679652, 0.9967363365800864, 0.9969392586580085, 0.9971252705627704, 0.9973451028138526, 0.997497294372294, 0.9976156655844153, 0.997700216450216, 0.9978354978354975, 0.9979369588744587, 0.9980384199134197, 0.998156791125541, 0.9982920725108223, 0.9983258928571427, 0.9983766233766231], "error_total_2d": 0.03902040468471279, "area_2d": 0.9559725040584421, "error_keypoint_3d": [0.16109796168695373, 0.13322191084179477, 0.17534561183724276, 0.22103032525542818, 0.27717312356484897, 0.061021676103667814, 0.12305501494467369, 0.1801171544064511, 0.24226732653617297, 0.018879875862694462, 0.11814518974345199, 0.18923242210638075, 0.2529984838028296, 0.04957688970493605, 0.13629307228091586, 0.2019255285335517, 0.2657969908749775, 0.09115585156889044, 0.14102868259396928, 0.1997490626321947, 0.26544068442076835], "acc_range_2d": [0.0, 0.16504329004329, 0.4244284361471861, 0.5981804653679655, 0.7034293831168831, 0.7734882305194806, 0.8236438041125538, 0.8584449404761902, 0.8848417207792206, 0.9047788149350648, 0.9216720779220772, 0.9348281926406923, 0.9455492424242422, 0.9533955627705624, 0.9606162067099568, 0.9663656655844156, 0.9715063582251083, 0.9760890151515146, 0.9795894209956709, 0.9820413961038962, 0.9843073593073591, 0.9861336580086578, 0.9879937770562767, 0.9895326028138531, 0.9909192370129869, 0.9919507575757577, 0.9928977272727273, 0.9938108766233765, 0.9945211038961038, 0.9952313311688313, 0.9959753787878788, 0.9964657738095238, 0.9968039772727274, 0.9971252705627706, 0.9974465638528138, 0.9978016774891775, 0.9979707792207791, 0.9980891504329003, 0.9983089826839826, 0.9985288149350648, 0.998748647186147, 0.9988670183982681, 0.998951569264069, 0.9990868506493503, 0.9991544913419911, 0.9992221320346317, 0.9993066829004327, 0.9994250541125539, 0.9994588744588744, 0.9995096049783551, 0.9995265151515152, 0.9995941558441559, 0.9996279761904762, 0.9996448863636362, 0.9996956168831168, 0.9997294372294371, 0.9997463474025974, 0.9997801677489179, 0.9998308982683981, 0.9998308982683981, 0.9998308982683981, 0.9998308982683981, 0.9998647186147185, 0.9998985389610389, 0.9998985389610389, 0.9998985389610389, 0.999915449134199, 0.9999323593073591, 0.9999323593073591, 0.9999661796536795, 0.9999661796536795, 0.9999661796536795, 0.9999661796536795, 0.9999661796536795, 0.9999830898268397, 0.9999830898268397, 0.9999830898268397, 0.9999830898268397, 1.0, 1.0, 1.0, 1.0, 1.0, 1.0, 1.0, 1.0, 1.0, 1.0, 1.0, 1.0, 1.0, 1.0, 1.0, 1.0, 1.0, 1.0, 1.0, 1.0, 1.0, 1.0], "thres_range": [0.0, 0.01, 0.02, 0.03, 0.04, 0.05, 0.06, 0.07, 0.08, 0.09, 0.1, 0.11, 0.12, 0.13, 0.14, 0.15, 0.16, 0.17, 0.18, 0.19, 0.2, 0.21, 0.22, 0.23, 0.24, 0.25, 0.26, 0.27, 0.28, 0.29, 0.3, 0.31, 0.32, 0.33, 0.34, 0.35000000000000003, 0.36, 0.37, 0.38, 0.39, 0.4, 0.41000000000000003, 0.42, 0.43, 0.44, 0.45, 0.46, 0.47000000000000003, 0.48, 0.49, 0.5, 0.51, 0.52, 0.53, 0.54, 0.55, 0.56, 0.5700000000000001, 0.58, 0.59, 0.6, 0.61, 0.62, 0.63, 0.64, 0.65, 0.66, 0.67, 0.68, 0.6900000000000001, 0.7000000000000001, 0.71, 0.72, 0.73, 0.74, 0.75, 0.76, 0.77, 0.78, 0.79, 0.8, 0.81, 0.8200000000000001, 0.8300000000000001, 0.84, 0.85, 0.86, 0.87, 0.88, 0.89, 0.9, 0.91, 0.92, 0.93, 0.9400000000000001, 0.9500000000000001, 0.96, 0.97, 0.98, 0.99], "error_keypoint_2d": [0.03278349376381067, 0.026133017361923357, 0.0273269112819476, 0.03147686490779155, 0.04481228372620452, 0.026023754320952074, 0.0313347744220416, 0.03805336174605403, 0.05044043235392854, 0.02583945446241387, 0.03507485506264112, 0.04311640419510612, 0.052844283077878244, 0.027096798789226672, 0.040149132102897056, 0.050083686345118394, 0.06233088049239913, 0.030020713128351417, 0.0360190759799831, 0.04591820683422751, 0.06255011402407201], "area_3d": 0.8285142721861471, "error_total_3d": 0.1668834685382283}