{"error_keypoint_2d": [0.02706914200239342, 0.021236958796967322, 0.022803257390960834, 0.02626347864127883, 0.03857825354612032, 0.021523241652939527, 0.026847792598455447, 0.033761331054951174, 0.047045428988300185, 0.021375252392922508, 0.030659589684464895, 0.038473786082582034, 0.049663108235299604, 0.022171480630110915, 0.035630631717408386, 0.04443115754428362, 0.05715869652190938, 0.024207870835962007, 0.030322789753129725, 0.039520915734078114, 0.05570035243386556], "area_2d": 0.9609699328449329, "acc_range_2d": [0.0, 0.21134768009768004, 0.4939617673992673, 0.6616014194139194, 0.7560859279609278, 0.8166399572649573, 0.858592796092796, 0.8876488095238093, 0.9091403388278385, 0.9251087454212453, 0.9380341880341874, 0.9484222374847371, 0.9569692460317457, 0.9630933302808299, 0.9688644688644684, 0.973424145299145, 0.9774305555555549, 0.9809695512820511, 0.9838408119658119, 0.9858726343101346, 0.9877422924297924, 0.9892113095238099, 0.9906326312576311, 0.9918727106227101, 0.9929315476190473, 0.9937519078144073, 0.9944864163614161, 0.9952113858363856, 0.9958028083028078, 0.9963560744810738, 0.9968711843711838, 0.9972527472527466, 0.997557997557997, 0.9977964743589738, 0.998082646520146, 0.9983211233211228, 0.9984832875457869, 0.998597756410256, 0.9987599206349203, 0.9989507020757019, 0.999103327228327, 0.9991891788766785, 0.999246413308913, 0.9993322649572648, 0.9993799603174602, 0.9994371947496946, 0.9994944291819291, 0.9995802808302807, 0.999618437118437, 0.9996661324786322, 0.9996852106227104, 0.9997329059829059, 0.999751984126984, 0.999761523199023, 0.9997901404151404, 0.9998092185592184, 0.9998282967032966, 0.9998473748473747, 0.9998759920634921, 0.999885531135531, 0.999885531135531, 0.9998950702075703, 0.9999141483516484, 0.9999332264957264, 0.9999427655677655, 0.9999427655677655, 0.9999523046398046, 0.9999618437118435, 0.9999618437118435, 0.9999809218559218, 0.9999809218559218, 0.9999809218559218, 0.9999809218559218, 0.9999809218559218, 0.9999904609279608, 0.9999904609279608, 0.9999904609279608, 0.9999904609279608, 1.0, 1.0, 1.0, 1.0, 1.0, 1.0, 1.0, 1.0, 1.0, 1.0, 1.0, 1.0, 1.0, 1.0, 1.0, 1.0, 1.0, 1.0, 1.0, 1.0, 1.0, 1.0], "thres_range": [0.0, 0.01, 0.02, 0.03, 0.04, 0.05, 0.06, 0.07, 0.08, 0.09, 0.1, 0.11, 0.12, 0.13, 0.14, 0.15, 0.16, 0.17, 0.18, 0.19, 0.2, 0.21, 0.22, 0.23, 0.24, 0.25, 0.26, 0.27, 0.28, 0.29, 0.3, 0.31, 0.32, 0.33, 0.34, 0.35000000000000003, 0.36, 0.37, 0.38, 0.39, 0.4, 0.41000000000000003, 0.42, 0.43, 0.44, 0.45, 0.46, 0.47000000000000003, 0.48, 0.49, 0.5, 0.51, 0.52, 0.53, 0.54, 0.55, 0.56, 0.5700000000000001, 0.58, 0.59, 0.6, 0.61, 0.62, 0.63, 0.64, 0.65, 0.66, 0.67, 0.68, 0.6900000000000001, 0.7000000000000001, 0.71, 0.72, 0.73, 0.74, 0.75, 0.76, 0.77, 0.78, 0.79, 0.8, 0.81, 0.8200000000000001, 0.8300000000000001, 0.84, 0.85, 0.86, 0.87, 0.88, 0.89, 0.9, 0.91, 0.92, 0.93, 0.9400000000000001, 0.9500000000000001, 0.96, 0.97, 0.98, 0.99], "error_total_3d": 0.15342217147303122, "area_3d": 0.8418262553418802, "acc_range_3d": [0.0, 0.008938110500610502, 0.04329784798534798, 0.08434447496947492, 0.12655486874236876, 0.17280982905982895, 0.22108707264957267, 0.27019421550671546, 0.31934905372405364, 0.3658520299145298, 0.41170634920634913, 0.4552140567765568, 0.4978441697191697, 0.537183302808303, 0.5742139804639806, 0.6077152014652015, 0.6388125763125765, 0.6681833791208792, 0.6950072496947499, 0.7208962912087911, 0.744524572649573, 0.765529609279609, 0.7858001373626371, 0.8030467796092795, 0.819301358363858, 0.8343540140415138, 0.8483096764346764, 0.8607772435897436, 0.8715182387057384, 0.8820207570207569, 0.8912831959706957, 0.9006601037851035, 0.9085489163614161, 0.9161420177045175, 0.9227430555555555, 0.9285809676434673, 0.93410409035409, 0.9393791971916972, 0.9440724206349203, 0.9480120573870567, 0.9521997100122098, 0.9558150183150176, 0.9591823107448102, 0.9621012667887666, 0.965067918192918, 0.9677770146520146, 0.9701427045177047, 0.9722508394383391, 0.9743398962148958, 0.9760283119658117, 0.9774973290598288, 0.9790426587301579, 0.9805879884004879, 0.9818662240537236, 0.9832016941391936, 0.9844894688644692, 0.9853670634920633, 0.9863591269841268, 0.9871031746031746, 0.987913995726496, 0.9886961996336998, 0.9895165598290598, 0.9902033730158731, 0.9908138736263735, 0.9913671398046395, 0.9917200854700852, 0.9922828907203904, 0.992750305250305, 0.9930937118437116, 0.9934085012210006, 0.9938377594627591, 0.9942193223443221, 0.9944387210012207, 0.9948202838827842, 0.9951350732600727, 0.9953735500610494, 0.9957551129426125, 0.9960699023199021, 0.9962988400488398, 0.9965277777777775, 0.9966899420024415, 0.9968616452991449, 0.9969951923076916, 0.9971668956043948, 0.9973576770451762, 0.9975198412698406, 0.9976533882783875, 0.9978250915750908, 0.997968177655677, 0.9981303418803414, 0.9982352716727712, 0.9983211233211228, 0.9984069749694743, 0.9984832875457871, 0.9985500610500606, 0.9986263736263732, 0.9987026862026855, 0.9988266941391936, 0.9988457722832715, 0.998883928571428], "error_total_2d": 0.034021167439923054, "error_keypoint_3d": [0.14173797717124287, 0.11763455540000368, 0.1567218421491233, 0.1995384941798805, 0.25365785299333926, 0.05599711901464989, 0.113589803678247, 0.16707835375069782, 0.22778043090063596, 0.019126965556085614, 0.11048755263030986, 0.17735660743738452, 0.24105360147736157, 0.04571943554951875, 0.12482644052887246, 0.18407506227702422, 0.24641854991447568, 0.08283310174169273, 0.1284493998903669, 0.1828629982688327, 0.24491945642391025]}