{"error_keypoint_2d": [-1.0, 0.08957593757065258, 0.10913598751850535, 0.13846589072921273, 0.13731053514358948, 0.07215470971987484, 0.08262724310642348, 0.0875196041291059, 0.11220397188714307, 0.07112582705604323, 0.08222473506105851, 0.10951278008787599, 0.17191232919780622, 0.09584800989881367, 0.10457576253267452, 0.1274801807272208, 0.1929739076947993, 0.11269157801064505, 0.12931509381536196, 0.13762886291292292, 0.14571268193100442], "error_total_2d": 0.1154997814365367}