{"error_keypoint_3d": [0.8323951808318574, 0.640992622380742, 0.833595068375871, 1.0538759284592323, 1.2841874601965686, 0.26795130097180403, 0.5450747678879475, 0.7909206813283396, 1.0002226840830797, 0.02948232196682418, 0.48563349905844705, 0.7927402380577032, 0.979800312120157, 0.20545237668286576, 0.5114945580349647, 0.7798135660246212, 0.9438161813715198, 0.3986850285886575, 0.5544726534585024, 0.7428630136116856, 0.9658930984393616], "acc_range_3d": [0.0, 0.003748855311355308, 0.016750610500610514, 0.03142170329670332, 0.04320245726495725, 0.052417200854700814, 0.059953067765567684, 0.06651594932844929, 0.07271634615384609, 0.07867826617826608, 0.08543192918192911, 0.09195665445665435, 0.0989583333333333, 0.1059504731379731, 0.11324786324786316, 0.12055479242979232, 0.12913041819291812, 0.1371432387057387, 0.14554716117216104, 0.15376030219780212, 0.1625076312576312, 0.17138850732600727, 0.18026938339438325, 0.18866376678876665, 0.1975637210012209, 0.20649229242979225, 0.2156974969474969, 0.22446390415140408, 0.23333524114774098, 0.24202533577533558, 0.2510492979242977, 0.2610080891330889, 0.2697840354090352, 0.27865537240537225, 0.2876793345543344, 0.29706578144078144, 0.30617559523809496, 0.3148370726495725, 0.32325053418803384, 0.3319692460317459, 0.3406879578754577, 0.34910141941391915, 0.3571142399267397, 0.36536553724053683, 0.3737313034188032, 0.3816678113553111, 0.3897474053724052, 0.3979033119658118, 0.4058588980463978, 0.4136713980463979, 0.4214362026862024, 0.4293727106227104, 0.43716613247863223, 0.44494047619047594, 0.45282928876678863, 0.4599645146520145, 0.46711881868131855, 0.47448298229548214, 0.4818662240537239, 0.48940209096459075, 0.4970810439560438, 0.5043593559218558, 0.5118379884004884, 0.5189255189255189, 0.5261370573870574, 0.5325091575091575, 0.5395966880341879, 0.5463598901098904, 0.5535714285714283, 0.5608497405372405, 0.567555708180708, 0.5741376678876682, 0.5809390262515262, 0.5877499236874234, 0.5944940476190477, 0.601171398046398, 0.6072859432234432, 0.6140586843711845, 0.6205738705738704, 0.6268410409035408, 0.6330032814407812, 0.6389461233211231, 0.6453468406593409, 0.6519097222222219, 0.6583295177045175, 0.6643009768009768, 0.6699767246642248, 0.6758623321123322, 0.6816525488400487, 0.6875572344322343, 0.6929372710622712, 0.6984222374847376, 0.7041266025641024, 0.709535256410256, 0.714800824175824, 0.7199900793650793, 0.7252747252747251, 0.7311984890109888, 0.7363686660561662, 0.7414052960927958], "acc_range_2d": [0.0, 0.07068452380952378, 0.16617063492063489, 0.24159607753357754, 0.30574633699633685, 0.35955624236874234, 0.40861568986568964, 0.4533825549450549, 0.4946581196581195, 0.5323183760683761, 0.5664968711843711, 0.5984146062271061, 0.6286248473748474, 0.6567174145299144, 0.6818624084249081, 0.7063396672771673, 0.7287469474969475, 0.7501049297924298, 0.7699271214896215, 0.7881372100122098, 0.8050595238095237, 0.8205414377289377, 0.8344780219780221, 0.8477754884004881, 0.8596516330891327, 0.8705452533577533, 0.880952380952381, 0.8907776251526253, 0.9000305250305248, 0.9083295177045171, 0.9155124389499386, 0.9223042582417582, 0.9288289835164832, 0.9346668956043953, 0.9400278540903536, 0.9447687728937728, 0.9493952228327228, 0.9539262820512823, 0.9577991452991454, 0.9612904456654451, 0.9646958943833942, 0.967357295482295, 0.9700854700854694, 0.9727945665445663, 0.9751411782661782, 0.977201617826618, 0.9794814560439559, 0.9813701923076923, 0.9831635378510376, 0.9847661019536017, 0.9861206501831504, 0.9876659798534795, 0.9888106684981681, 0.9897550366300367, 0.9907947954822953, 0.9915674603174605, 0.992368742368742, 0.9932940323565322, 0.9941525488400484, 0.9949156746031741, 0.9953830891330886, 0.9959363553113548, 0.9965659340659337, 0.9969856532356528, 0.9973576770451765, 0.9977201617826611, 0.9980254120879112, 0.9982161935286925, 0.9984546703296693, 0.9986359126984116, 0.9989125457875451, 0.99906517094017, 0.9992368742368735, 0.9993513431013423, 0.9994562728937725, 0.9995039682539678, 0.9996375152625149, 0.9997329059829057, 0.9997806013431009, 0.99979014041514, 0.9998473748473745, 0.9998569139194137, 0.9998664529914526, 0.99989507020757, 0.9999141483516482, 0.9999236874236873, 0.9999618437118435, 0.9999809218559218, 0.9999809218559218, 0.9999809218559218, 0.9999809218559218, 0.9999904609279608, 1.0, 1.0, 1.0, 1.0, 1.0, 1.0, 1.0, 1.0], "thres_range": [0.0, 0.01, 0.02, 0.03, 0.04, 0.05, 0.06, 0.07, 0.08, 0.09, 0.1, 0.11, 0.12, 0.13, 0.14, 0.15, 0.16, 0.17, 0.18, 0.19, 0.2, 0.21, 0.22, 0.23, 0.24, 0.25, 0.26, 0.27, 0.28, 0.29, 0.3, 0.31, 0.32, 0.33, 0.34, 0.35000000000000003, 0.36, 0.37, 0.38, 0.39, 0.4, 0.41000000000000003, 0.42, 0.43, 0.44, 0.45, 0.46, 0.47000000000000003, 0.48, 0.49, 0.5, 0.51, 0.52, 0.53, 0.54, 0.55, 0.56, 0.5700000000000001, 0.58, 0.59, 0.6, 0.61, 0.62, 0.63, 0.64, 0.65, 0.66, 0.67, 0.68, 0.6900000000000001, 0.7000000000000001, 0.71, 0.72, 0.73, 0.74, 0.75, 0.76, 0.77, 0.78, 0.79, 0.8, 0.81, 0.8200000000000001, 0.8300000000000001, 0.84, 0.85, 0.86, 0.87, 0.88, 0.89, 0.9, 0.91, 0.92, 0.93, 0.9400000000000001, 0.9500000000000001, 0.96, 0.97, 0.98, 0.99], "error_total_2d": 0.11932213509306121, "error_keypoint_2d": [0.11450719060577541, 0.09784569541687187, 0.14028590848554884, 0.16475262120272816, 0.19891402040600673, 0.08390846555948883, 0.10538080596462898, 0.11445809398990966, 0.12307821875467011, 0.06685119959979456, 0.09196854061707864, 0.10936906151307714, 0.1197273687186027, 0.07728891839639264, 0.09768184587006218, 0.11774136353036131, 0.13410523181029277, 0.10224787065354016, 0.12385635752592022, 0.14610449312558324, 0.1756915652079512], "error_total_3d": 0.6971125019967025, "area_2d": 0.8756719322344322, "area_3d": 0.39931375915750916}