{"thres_range": [0.0, 0.01, 0.02, 0.03, 0.04, 0.05, 0.06, 0.07, 0.08, 0.09, 0.1, 0.11, 0.12, 0.13, 0.14, 0.15, 0.16, 0.17, 0.18, 0.19, 0.2, 0.21, 0.22, 0.23, 0.24, 0.25, 0.26, 0.27, 0.28, 0.29, 0.3, 0.31, 0.32, 0.33, 0.34, 0.35000000000000003, 0.36, 0.37, 0.38, 0.39, 0.4, 0.41000000000000003, 0.42, 0.43, 0.44, 0.45, 0.46, 0.47000000000000003, 0.48, 0.49, 0.5, 0.51, 0.52, 0.53, 0.54, 0.55, 0.56, 0.5700000000000001, 0.58, 0.59, 0.6, 0.61, 0.62, 0.63, 0.64, 0.65, 0.66, 0.67, 0.68, 0.6900000000000001, 0.7000000000000001, 0.71, 0.72, 0.73, 0.74, 0.75, 0.76, 0.77, 0.78, 0.79, 0.8, 0.81, 0.8200000000000001, 0.8300000000000001, 0.84, 0.85, 0.86, 0.87, 0.88, 0.89, 0.9, 0.91, 0.92, 0.93, 0.9400000000000001, 0.9500000000000001, 0.96, 0.97, 0.98, 0.99], "area_2d": 0.9750239430708181, "area_3d": 0.8577701465201463, "error_keypoint_2d": [0.008499672154084256, 0.00829566207571785, 0.011072543054992296, 0.013843149610920955, 0.022038353727537423, 0.00874766558849434, 0.015431427265175794, 0.022026172823783642, 0.02944769249303975, 0.008824761861269974, 0.017861983865393116, 0.024932840874842627, 0.032528549828817595, 0.008819176534269847, 0.021991331448071916, 0.030380654173783137, 0.03867573754138949, 0.010252466184290836, 0.018529043634320994, 0.02683269876895804, 0.03748018105000028], "error_total_3d": 0.1374823112218325, "error_total_2d": 0.019833893550435907, "error_keypoint_3d": [0.09848096529738261, 0.08425472911776757, 0.11180761310522659, 0.14701872257921003, 0.18955504688925337, 0.041160447997054476, 0.10806279554995293, 0.16210892699331078, 0.2251499441684782, 0.016676485908215584, 0.10516239430832613, 0.1668329104183776, 0.22946334783232603, 0.03424693362243348, 0.12455349804132801, 0.18673039728832336, 0.2513728408369225, 0.06009649787045372, 0.11647840921702879, 0.1798634206437176, 0.24805220797339317], "acc_range_2d": [0.0, 0.48337339743589736, 0.7075606684981685, 0.8077304639804634, 0.8668059371184368, 0.9056108821733816, 0.931070665445665, 0.9493284493284488, 0.9631696428571425, 0.9730425824175819, 0.9798916361416357, 0.9850618131868134, 0.9885340354090348, 0.9914434523809524, 0.9934561965811963, 0.9950206043956044, 0.9961366758241752, 0.9970047313797311, 0.9977964743589738, 0.9983306623931617, 0.9986454517704507, 0.9988934676434668, 0.999151022588522, 0.99927503052503, 0.9993513431013427, 0.9994658119658115, 0.9995802808302804, 0.9996661324786325, 0.9997233669108667, 0.9997901404151401, 0.9998282967032966, 0.9998569139194138, 0.9998759920634919, 0.9998759920634919, 0.9998759920634919, 0.9998950702075701, 0.9998950702075701, 0.9999046092796092, 0.9999332264957264, 0.9999427655677655, 0.9999618437118437, 0.9999713827838829, 0.9999713827838829, 0.9999713827838829, 0.9999809218559218, 0.9999809218559218, 0.9999809218559218, 0.9999809218559218, 0.9999809218559218, 0.9999809218559218, 0.9999809218559218, 0.9999809218559218, 0.9999809218559218, 0.9999904609279608, 0.9999904609279608, 0.9999904609279608, 0.9999904609279608, 0.9999904609279608, 0.9999904609279608, 0.9999904609279608, 0.9999904609279608, 0.9999904609279608, 0.9999904609279608, 0.9999904609279608, 1.0, 1.0, 1.0, 1.0, 1.0, 1.0, 1.0, 1.0, 1.0, 1.0, 1.0, 1.0, 1.0, 1.0, 1.0, 1.0, 1.0, 1.0, 1.0, 1.0, 1.0, 1.0, 1.0, 1.0, 1.0, 1.0, 1.0, 1.0, 1.0, 1.0, 1.0, 1.0, 1.0, 1.0, 1.0, 1.0], "acc_range_3d": [0.0, 0.014566163003663016, 0.06486568986568986, 0.12113667582417581, 0.1778178418803418, 0.235052274114774, 0.29326923076923067, 0.34920634920634885, 0.40200511294261276, 0.4516464438339436, 0.49760569291819295, 0.5410752442002443, 0.579574938949939, 0.6160046550671551, 0.6492006257631258, 0.6784855769230772, 0.7053571428571428, 0.7307119963369965, 0.7527281746031748, 0.7725694444444443, 0.7918574481074481, 0.8087320665445665, 0.8239373473748473, 0.838360424297924, 0.8519345238095235, 0.8633909493284488, 0.8742082570207571, 0.8836042429792423, 0.892551892551892, 0.9006410256410254, 0.908129197191697, 0.915159493284493, 0.9210641788766788, 0.926472832722832, 0.9313186813186815, 0.9361645299145295, 0.9402663308913305, 0.9444826007326003, 0.9484890109890108, 0.9519039987789986, 0.9550614316239313, 0.9578373015873006, 0.9606894841269841, 0.9629311660561658, 0.9653540903540903, 0.9677102411477415, 0.9697229853479852, 0.9717548076923074, 0.9733955280830279, 0.9751793345543343, 0.9769154456654454, 0.9783081501831503, 0.9798439407814404, 0.9809504731379729, 0.981932997557997, 0.9830586080586079, 0.9841937576312575, 0.9852812118437114, 0.9861588064713064, 0.9868933150183148, 0.9876659798534797, 0.9884291056166052, 0.9893543956043956, 0.9900030525030524, 0.9905849358974353, 0.9910809676434675, 0.9916628510378508, 0.9921779609279603, 0.9925881410256411, 0.9930173992673991, 0.9934657356532353, 0.9937709859584859, 0.9940285409035408, 0.9943337912087912, 0.9947535103785102, 0.9950301434676435, 0.9953258547008544, 0.9956024877899873, 0.995802808302808, 0.9960222069597063, 0.9961843711843708, 0.9963560744810741, 0.9965373168498167, 0.9967567155067153, 0.9969188797313796, 0.9970905830280825, 0.9972145909645905, 0.9974053724053723, 0.9975675366300363, 0.9977678571428567, 0.9978823260073253, 0.9980063339438333, 0.9981208028083021, 0.9982638888888881, 0.9983592796092787, 0.9984737484737477, 0.9985214438339429, 0.9986454517704509, 0.9987217643467636, 0.998798076923076]}