{"area_3d": 0.8805002289377287, "acc_range_3d": [0.0, 0.01705586080586081, 0.07984203296703295, 0.1512324481074481, 0.2239583333333333, 0.2944520757020755, 0.3637438949938947, 0.42834249084249065, 0.4876755189255188, 0.543307387057387, 0.5905257936507938, 0.6333943833943834, 0.6710164835164835, 0.7040979853479855, 0.734260531135531, 0.7598634004884005, 0.7833104395604394, 0.8043345543345539, 0.8224587912087907, 0.8392666361416358, 0.8540712759462757, 0.8664529914529913, 0.8775946275946274, 0.8878777472527469, 0.8973214285714283, 0.9065743284493283, 0.9149305555555551, 0.9217032967032964, 0.9273313492063491, 0.9334172771672766, 0.9387400793650792, 0.9431280525030524, 0.9474778693528692, 0.9512171855921853, 0.9550709706959705, 0.9583524114774112, 0.9613858363858361, 0.9642094017094013, 0.9668803418803416, 0.969322344322344, 0.9713255494505492, 0.9732715201465197, 0.9751221001220998, 0.9767055860805862, 0.9780410561660562, 0.9794337606837604, 0.9805784493284492, 0.9819520757020757, 0.983192155067155, 0.9843940781440776, 0.9856913919413915, 0.9866071428571426, 0.9872748778998778, 0.9879044566544561, 0.988648504273504, 0.9893925518925514, 0.9901365995115993, 0.9909760378510375, 0.9917391636141638, 0.9922161172161171, 0.99259768009768, 0.9930555555555555, 0.9935515873015873, 0.9939713064713064, 0.9943719474969475, 0.9947153540903539, 0.9951923076923077, 0.9955929487179486, 0.9958600427350425, 0.9961652930402929, 0.9965468559218559, 0.9968521062271061, 0.9970428876678875, 0.9972145909645911, 0.9974053724053723, 0.9975770757020754, 0.9976343101343101, 0.9977869352869353, 0.9979204822954824, 0.9980158730158731, 0.9981875763125765, 0.9982448107448108, 0.9984355921855922, 0.9986072954822955, 0.9986836080586081, 0.9987789987789989, 0.9988362332112332, 0.9989697802197802, 0.9990460927960928, 0.9990651709401709, 0.9991414835164835, 0.9992559523809521, 0.9993131868131864, 0.9993894993894992, 0.9994467338217335, 0.9994658119658117, 0.999503968253968, 0.9995230463980462, 0.9995993589743588, 0.9996565934065933], "error_total_2d": 0.017077118632676958, "error_keypoint_2d": [0.005807194620031052, 0.005585341422109498, 0.007809604314653247, 0.010442925193297597, 0.019846510058939133, 0.005568799912517091, 0.013134248709725864, 0.01967032716669191, 0.027256301777747, 0.005690335949566361, 0.015532730966761403, 0.022775304400009844, 0.030974305912971036, 0.004748676213239378, 0.020328950011838598, 0.02921202469754765, 0.03756070760840512, 0.005947340953123505, 0.014733986449318063, 0.022827651750165573, 0.03316622319755716], "error_total_3d": 0.11449813307564789, "area_2d": 0.9777039453601961, "thres_range": [0.0, 0.01, 0.02, 0.03, 0.04, 0.05, 0.06, 0.07, 0.08, 0.09, 0.1, 0.11, 0.12, 0.13, 0.14, 0.15, 0.16, 0.17, 0.18, 0.19, 0.2, 0.21, 0.22, 0.23, 0.24, 0.25, 0.26, 0.27, 0.28, 0.29, 0.3, 0.31, 0.32, 0.33, 0.34, 0.35000000000000003, 0.36, 0.37, 0.38, 0.39, 0.4, 0.41000000000000003, 0.42, 0.43, 0.44, 0.45, 0.46, 0.47000000000000003, 0.48, 0.49, 0.5, 0.51, 0.52, 0.53, 0.54, 0.55, 0.56, 0.5700000000000001, 0.58, 0.59, 0.6, 0.61, 0.62, 0.63, 0.64, 0.65, 0.66, 0.67, 0.68, 0.6900000000000001, 0.7000000000000001, 0.71, 0.72, 0.73, 0.74, 0.75, 0.76, 0.77, 0.78, 0.79, 0.8, 0.81, 0.8200000000000001, 0.8300000000000001, 0.84, 0.85, 0.86, 0.87, 0.88, 0.89, 0.9, 0.91, 0.92, 0.93, 0.9400000000000001, 0.9500000000000001, 0.96, 0.97, 0.98, 0.99], "error_keypoint_3d": [0.07387673474854986, 0.0613295617243775, 0.08122769889823991, 0.10889868086497956, 0.14457462982691374, 0.030876168300146205, 0.09126078911681244, 0.13670144686721658, 0.19448376289727046, 0.016192915423884048, 0.09493838494754761, 0.14967814713898592, 0.2057905685752093, 0.026127421298065785, 0.10987181767986606, 0.16422849199760747, 0.2241024165328455, 0.042896803092541326, 0.09303108867812299, 0.14791647607620315, 0.20645678990322033], "acc_range_2d": [0.0, 0.5735271672771673, 0.7648618742368744, 0.8433684371184368, 0.8895184676434673, 0.9217605311355308, 0.9433951465201463, 0.9587721306471301, 0.9692269536019532, 0.9769536019536019, 0.9830967643467645, 0.9867979242979242, 0.9899839743589743, 0.9926549145299143, 0.9942956349206349, 0.9957837301587303, 0.9968711843711845, 0.9975389194139194, 0.9980921855921855, 0.9986263736263734, 0.9989125457875456, 0.9991605616605614, 0.9993704212454211, 0.9995421245421244, 0.9995802808302807, 0.9996375152625152, 0.9996756715506715, 0.9997710622710623, 0.9998473748473748, 0.9999046092796094, 0.9999236874236874, 0.9999618437118435, 0.9999809218559218, 1.0, 1.0, 1.0, 1.0, 1.0, 1.0, 1.0, 1.0, 1.0, 1.0, 1.0, 1.0, 1.0, 1.0, 1.0, 1.0, 1.0, 1.0, 1.0, 1.0, 1.0, 1.0, 1.0, 1.0, 1.0, 1.0, 1.0, 1.0, 1.0, 1.0, 1.0, 1.0, 1.0, 1.0, 1.0, 1.0, 1.0, 1.0, 1.0, 1.0, 1.0, 1.0, 1.0, 1.0, 1.0, 1.0, 1.0, 1.0, 1.0, 1.0, 1.0, 1.0, 1.0, 1.0, 1.0, 1.0, 1.0, 1.0, 1.0, 1.0, 1.0, 1.0, 1.0, 1.0, 1.0, 1.0, 1.0]}