{"area_2d": 0.9725464050751886, "error_total_3d": 0.16059336268335986, "acc_range_2d": [0.0, 0.39446271929824556, 0.651531171679198, 0.7717144423558896, 0.8436520989974935, 0.8901746553884708, 0.9219924812030069, 0.9438244047619045, 0.9583137531328321, 0.9702576754385961, 0.977717731829574, 0.9835917919799495, 0.987860275689223, 0.9909735275689225, 0.9932056704260654, 0.9948112468671683, 0.9961818609022558, 0.9970433897243108, 0.9976895363408523, 0.9982377819548871, 0.998707706766917, 0.9989818295739347, 0.9991972117794485, 0.9993342731829573, 0.9994125939849624, 0.9995104949874685, 0.9995300751879699, 0.9996083959899749, 0.9996867167919798, 0.9997062969924811, 0.9997454573934836, 0.9997846177944861, 0.9998041979949873, 0.9998237781954886, 0.9998629385964911, 0.9998825187969923, 0.9998825187969923, 0.9998825187969923, 0.9999020989974937, 0.9999020989974937, 0.9999020989974937, 0.999921679197995, 0.9999412593984963, 0.9999412593984963, 0.9999608395989975, 0.9999608395989975, 0.9999608395989975, 0.9999608395989975, 0.9999608395989975, 0.9999608395989975, 0.9999608395989975, 0.9999804197994987, 0.9999804197994987, 0.9999804197994987, 0.9999804197994987, 0.9999804197994987, 0.9999804197994987, 0.9999804197994987, 0.9999804197994987, 0.9999804197994987, 1.0, 1.0, 1.0, 1.0, 1.0, 1.0, 1.0, 1.0, 1.0, 1.0, 1.0, 1.0, 1.0, 1.0, 1.0, 1.0, 1.0, 1.0, 1.0, 1.0, 1.0, 1.0, 1.0, 1.0, 1.0, 1.0, 1.0, 1.0, 1.0, 1.0, 1.0, 1.0, 1.0, 1.0, 1.0, 1.0, 1.0, 1.0, 1.0, 1.0], "error_keypoint_2d": [0.011193173051089233, 0.010837314744812351, 0.01401455073626398, 0.01703835622402338, 0.024402113017231386, 0.012035956196577421, 0.01773017777851524, 0.023702663535627118, 0.030797205620920545, 0.0120153362108675, 0.020229054999569934, 0.026683556758048087, 0.033669201205575996, 0.012886086924909609, 0.02349703655186443, 0.03164339969402805, 0.03969048915726154, 0.014662175127042295, 0.022026845800786832, 0.03060659131816273, 0.04120106671512914], "thres_range": [0.0, 0.01, 0.02, 0.03, 0.04, 0.05, 0.06, 0.07, 0.08, 0.09, 0.1, 0.11, 0.12, 0.13, 0.14, 0.15, 0.16, 0.17, 0.18, 0.19, 0.2, 0.21, 0.22, 0.23, 0.24, 0.25, 0.26, 0.27, 0.28, 0.29, 0.3, 0.31, 0.32, 0.33, 0.34, 0.35000000000000003, 0.36, 0.37, 0.38, 0.39, 0.4, 0.41000000000000003, 0.42, 0.43, 0.44, 0.45, 0.46, 0.47000000000000003, 0.48, 0.49, 0.5, 0.51, 0.52, 0.53, 0.54, 0.55, 0.56, 0.5700000000000001, 0.58, 0.59, 0.6, 0.61, 0.62, 0.63, 0.64, 0.65, 0.66, 0.67, 0.68, 0.6900000000000001, 0.7000000000000001, 0.71, 0.72, 0.73, 0.74, 0.75, 0.76, 0.77, 0.78, 0.79, 0.8, 0.81, 0.8200000000000001, 0.8300000000000001, 0.84, 0.85, 0.86, 0.87, 0.88, 0.89, 0.9, 0.91, 0.92, 0.93, 0.9400000000000001, 0.9500000000000001, 0.96, 0.97, 0.98, 0.99], "error_keypoint_3d": [0.12335987195547204, 0.10734326769555705, 0.14342722247755246, 0.1876384661265643, 0.23807265042820577, 0.052184382842250146, 0.12462859483716066, 0.18638491281384822, 0.2538212381414747, 0.017343942173379458, 0.11484371827636526, 0.18243850675495005, 0.25085373535732386, 0.04341896070610873, 0.13809081603348636, 0.20868962032469235, 0.27926029906436606, 0.07842456123379586, 0.14084981521189452, 0.2122357097698688, 0.28915032412623987], "error_total_2d": 0.02240773101753842, "area_3d": 0.8348466870300749, "acc_range_3d": [0.0, 0.010416666666666671, 0.048460996240601496, 0.08926613408521299, 0.1315397869674185, 0.17669172932330815, 0.22286184210526305, 0.26952145989974935, 0.3168272243107768, 0.3619595864661652, 0.40754229323308244, 0.4502271303258145, 0.49054276315789486, 0.5293115601503762, 0.5654370300751881, 0.598625469924812, 0.6295034461152882, 0.6590695488721804, 0.684386748120301, 0.7084899749373431, 0.730204417293233, 0.7516447368421053, 0.7713032581453632, 0.7874765037593981, 0.8036301691729321, 0.8176495927318294, 0.8310620300751879, 0.8433975563909771, 0.8543820488721798, 0.8647595551378444, 0.8739230889724309, 0.8835369674185461, 0.8921522556390976, 0.9000039160400999, 0.9066416040100248, 0.9134163533834583, 0.9197603383458643, 0.9247337092731825, 0.9299812030075184, 0.9350720551378441, 0.9387727130325813, 0.9428062343358392, 0.9464481516290726, 0.9497180451127815, 0.952850877192982, 0.9556704260651627, 0.9582941729323308, 0.9610549812030073, 0.9637570488721802, 0.9658717105263158, 0.9677905701754383, 0.9698073308270673, 0.9715108082706765, 0.9729989035087714, 0.9742716165413533, 0.9757205513784463, 0.9771499060150375, 0.9788729636591479, 0.9801652568922306, 0.9813204887218044, 0.9825148809523807, 0.983533051378446, 0.9842770989974935, 0.9850798872180447, 0.9860001566416036, 0.9867833646616538, 0.9875274122807015, 0.9884085213032576, 0.9890155075187966, 0.989563753132832, 0.9899749373433583, 0.9906798245614036, 0.9912672305764408, 0.9915609335839598, 0.9919721177944861, 0.9924028822055139, 0.992872807017544, 0.9932839912280703, 0.9935581140350878, 0.9938518170426066, 0.9942630012531329, 0.9945567042606516, 0.9949483082706767, 0.9951441102756894, 0.9954182330827068, 0.995672775689223, 0.9960056390977443, 0.9961818609022557, 0.996279761904762, 0.9964755639097745, 0.9967888471177945, 0.9969650689223059, 0.9971217105263162, 0.9972391917293235, 0.9974937343358398, 0.9976895363408521, 0.9978265977443609, 0.9979049185463659, 0.998081140350877, 0.9982182017543859]}