{"error_keypoint_2d": [-1.0, 0.02866396133299776, 0.03346722047975955, 0.03073840704955826, 0.03300109468111787, 0.021128029688490584, 0.022600063220721417, 0.024532582192888744, 0.03704018916949437, 0.02017278608189137, 0.024223890489357934, 0.028894279486056832, 0.04783780534321571, 0.020229626673138042, 0.022779525733185632, 0.025982795466182824, 0.03459186745647614, 0.022145301518683345, 0.022063920872785265, 0.029010031743744412, 0.021925359522336742], "error_total_2d": 0.02755143691010414}