{"error_total_2d": 6.078068337418009, "error_keypoint_2d": [-1.0, 6.307982088539809, 7.3405195109180665, 6.830953036237168, 7.3067592841282645, 4.562188865147501, 4.885334087118897, 5.33400230400104, 8.202181217130473, 4.3860494421334355, 5.283964776481572, 6.370709648771432, 10.999828524932626, 4.416391226533119, 4.991705278931086, 5.692819134347261, 7.863745762581026, 4.860234486817893, 4.8203347343550895, 6.373860726969176, 4.7318026122852395]}