{"error_total_3d": 0.13445365070083362, "error_keypoint_2d": [0.020751340307314917, 0.015110155389252075, 0.016350336593776858, 0.02013008234591022, 0.033397439131111685, 0.015274875024083416, 0.020824675789444056, 0.028473407512137783, 0.04427759931075508, 0.015647155703063756, 0.02449626388139829, 0.033068213866141435, 0.047217835907276545, 0.015985477933196362, 0.029064913384252468, 0.03771003827567697, 0.05234238661628434, 0.01680156509217506, 0.022807591374864634, 0.03175362458937619, 0.047538516143931425], "area_3d": 0.860826569264069, "acc_range_3d": [0.0476190476190476, 0.04989628427128424, 0.06529581529581525, 0.09663600288600285, 0.1410082972582972, 0.1931592712842712, 0.247767857142857, 0.30794552669552655, 0.36523719336219324, 0.4192370129870128, 0.4722222222222223, 0.5186462842712843, 0.5620265151515151, 0.6027011183261184, 0.6401740620490621, 0.6740395021645023, 0.7054473304473303, 0.732796717171717, 0.7581619769119768, 0.7795815295815293, 0.8001668470418468, 0.8195346320346317, 0.835813492063492, 0.8516639610389608, 0.8646509740259736, 0.877412518037518, 0.8882124819624817, 0.8989448051948046, 0.9084595959595958, 0.9165764790764787, 0.9241522366522362, 0.9311192279942275, 0.9368461399711396, 0.9417613636363631, 0.9463834776334773, 0.950238997113997, 0.9539141414141411, 0.957656926406926, 0.9614222582972582, 0.9645337301587298, 0.9674422799422798, 0.969742063492063, 0.9724927849927846, 0.9746798340548339, 0.9767316017316017, 0.9786706349206348, 0.9803841991341988, 0.9820301226551224, 0.9831800144300143, 0.9844200937950935, 0.9857278138528137, 0.9866973304473302, 0.9876668470418467, 0.9885912698412694, 0.9895607864357862, 0.9901920995670991, 0.9908459595959596, 0.9915449134199132, 0.992108585858586, 0.9926497113997116, 0.9933937590187591, 0.9940025252525253, 0.9943858225108226, 0.9947916666666669, 0.9950396825396826, 0.9953553391053395, 0.9955582611832614, 0.9958739177489182, 0.9963699494949498, 0.9965052308802311, 0.9966630591630595, 0.9968434343434346, 0.9970463564213567, 0.9972492784992787, 0.9973620129870132, 0.9977002164502168, 0.9978129509379511, 0.997880591630592, 0.9980384199134202, 0.9981286075036078, 0.9982413419913422, 0.9983315295815297, 0.9984217171717173, 0.9984893578643581, 0.99869227994228, 0.9988726551226552, 0.998940295815296, 0.9990079365079367, 0.9991206709956713, 0.9992108585858587, 0.9992784992784994, 0.9993912337662338, 0.9994814213564214, 0.9995039682539684, 0.9995265151515151, 0.9995265151515151, 0.9995265151515151, 0.9995265151515151, 0.9995490620490621, 0.9995941558441559], "area_2d": 0.9669512085137089, "error_keypoint_3d": [0.1151860728692334, 0.09750746598200005, 0.13224144624308048, 0.16761245115291482, 0.216169612765732, 0.05080078569539403, 0.10179169597937619, 0.15143734829413888, 0.2116105583294429, 0.0, 0.09843972631179812, 0.1568885291950816, 0.21928089791441435, 0.04435768975643882, 0.1113540921604991, 0.16182030167714623, 0.22145730637059774, 0.07367702644842211, 0.11163848159070988, 0.1619455694877119, 0.21830960649337308], "thres_range": [0.0, 0.01, 0.02, 0.03, 0.04, 0.05, 0.06, 0.07, 0.08, 0.09, 0.1, 0.11, 0.12, 0.13, 0.14, 0.15, 0.16, 0.17, 0.18, 0.19, 0.2, 0.21, 0.22, 0.23, 0.24, 0.25, 0.26, 0.27, 0.28, 0.29, 0.3, 0.31, 0.32, 0.33, 0.34, 0.35000000000000003, 0.36, 0.37, 0.38, 0.39, 0.4, 0.41000000000000003, 0.42, 0.43, 0.44, 0.45, 0.46, 0.47000000000000003, 0.48, 0.49, 0.5, 0.51, 0.52, 0.53, 0.54, 0.55, 0.56, 0.5700000000000001, 0.58, 0.59, 0.6, 0.61, 0.62, 0.63, 0.64, 0.65, 0.66, 0.67, 0.68, 0.6900000000000001, 0.7000000000000001, 0.71, 0.72, 0.73, 0.74, 0.75, 0.76, 0.77, 0.78, 0.79, 0.8, 0.81, 0.8200000000000001, 0.8300000000000001, 0.84, 0.85, 0.86, 0.87, 0.88, 0.89, 0.9, 0.91, 0.92, 0.93, 0.9400000000000001, 0.9500000000000001, 0.96, 0.97, 0.98, 0.99], "error_total_2d": 0.028048737817686843, "acc_range_2d": [0.0, 0.2586805555555554, 0.5732097763347764, 0.7375090187590185, 0.8211129148629148, 0.8711219336219331, 0.9022141053391051, 0.9245129870129868, 0.9391459235209232, 0.9502389971139971, 0.9582882395382392, 0.9653454184704182, 0.970869408369408, 0.9755817099567098, 0.9787833694083694, 0.9822555916305917, 0.9845553751803752, 0.9868326118326116, 0.9888618326118324, 0.9903273809523807, 0.991409632034632, 0.9925820707070706, 0.9937545093795096, 0.9946789321789326, 0.9952876984126987, 0.9958288239538241, 0.9963474025974027, 0.9967757936507938, 0.9972267316017317, 0.9975649350649352, 0.9979707792207795, 0.9982864357864359, 0.9984668109668113, 0.998714826839827, 0.9989628427128427, 0.9990530303030303, 0.9991657647907649, 0.9992108585858587, 0.9992559523809524, 0.99934613997114, 0.9994363275613276, 0.9994814213564214, 0.9995265151515151, 0.9995490620490621, 0.9996167027417027, 0.9997068903318903, 0.9997294372294373, 0.9997519841269841, 0.9997970779220778, 0.9998196248196248, 0.9998872655122655, 0.9999098124098125, 0.9999098124098125, 0.9999098124098125, 0.9999323593073595, 0.9999549062049062, 0.999977453102453, 0.999977453102453, 0.999977453102453, 0.999977453102453, 0.999977453102453, 0.999977453102453, 1.0, 1.0, 1.0, 1.0, 1.0, 1.0, 1.0, 1.0, 1.0, 1.0, 1.0, 1.0, 1.0, 1.0, 1.0, 1.0, 1.0, 1.0, 1.0, 1.0, 1.0, 1.0, 1.0, 1.0, 1.0, 1.0, 1.0, 1.0, 1.0, 1.0, 1.0, 1.0, 1.0, 1.0, 1.0, 1.0, 1.0, 1.0]}