{"area_3d": 0.8313210227272724, "error_keypoint_2d": [0.03377415318275532, 0.0266808629755298, 0.027323478942703747, 0.032361403899192905, 0.04783386976698074, 0.025922857261607844, 0.03157634590586027, 0.03834778077860144, 0.051777421362079294, 0.025756758893645714, 0.035196394634712386, 0.04386435835538743, 0.0538373908015563, 0.02691670991291837, 0.03914687347487829, 0.0499033336048714, 0.06359743843275757, 0.029115978791057016, 0.03404490125883409, 0.04382097638488796, 0.06142069884860358], "acc_range_3d": [0.04761904761904761, 0.0493777056277056, 0.05871212121212117, 0.07849702380952374, 0.10976393398268393, 0.14628990800865796, 0.18761837121212113, 0.230959145021645, 0.27627840909090895, 0.320430871212121, 0.3649722673160172, 0.40570887445887427, 0.4463102002164501, 0.4845271915584416, 0.5219494047619047, 0.5586275703463204, 0.5920251623376622, 0.6233428030303032, 0.6526988636363636, 0.6811248647186147, 0.7066423160173159, 0.7314326298701297, 0.7536695075757575, 0.7737249729437227, 0.7916666666666662, 0.8081033549783547, 0.8236438041125536, 0.838085091991342, 0.8514272186147184, 0.8637040043290042, 0.8752029220779218, 0.8856534090909087, 0.8951569264069259, 0.903527462121212, 0.911475243506493, 0.9181716720779218, 0.9249357413419909, 0.9308204816017313, 0.9359442640692638, 0.9410511363636359, 0.9455492424242423, 0.9495231331168827, 0.953683035714285, 0.9572679924242419, 0.9606331168831168, 0.9635585768398266, 0.9665009469696965, 0.9690882034632033, 0.9711343344155843, 0.9728084415584413, 0.9749898538961038, 0.9767823322510822, 0.9783718885281385, 0.9800290854978354, 0.9812635281385279, 0.9824641504329005, 0.9836985930735931, 0.9850006764069262, 0.9859645562770563, 0.9868946158008658, 0.9875879329004325, 0.9884503517316013, 0.989228219696969, 0.9896678841991341, 0.9905810335497836, 0.9912574404761906, 0.9917985660173159, 0.9923396915584416, 0.9926271645021646, 0.9930330086580088, 0.9934726731601732, 0.9937094155844156, 0.9940814393939393, 0.9943689123376622, 0.9947578463203466, 0.9949607683982684, 0.9951806006493505, 0.995400432900433, 0.9956709956709958, 0.9959415584415585, 0.996195211038961, 0.9964150432900433, 0.9966179653679653, 0.9967363365800864, 0.9969054383116881, 0.9971083603896105, 0.997260551948052, 0.9974127435064936, 0.9975142045454546, 0.997666396103896, 0.9977340367965365, 0.9979031385281384, 0.997970779220779, 0.9980215097402596, 0.998139880952381, 0.9982920725108226, 0.9983597132034632, 0.9984611742424242, 0.998562635281385, 0.9986302759740258], "thres_range": [0.0, 0.01, 0.02, 0.03, 0.04, 0.05, 0.06, 0.07, 0.08, 0.09, 0.1, 0.11, 0.12, 0.13, 0.14, 0.15, 0.16, 0.17, 0.18, 0.19, 0.2, 0.21, 0.22, 0.23, 0.24, 0.25, 0.26, 0.27, 0.28, 0.29, 0.3, 0.31, 0.32, 0.33, 0.34, 0.35000000000000003, 0.36, 0.37, 0.38, 0.39, 0.4, 0.41000000000000003, 0.42, 0.43, 0.44, 0.45, 0.46, 0.47000000000000003, 0.48, 0.49, 0.5, 0.51, 0.52, 0.53, 0.54, 0.55, 0.56, 0.5700000000000001, 0.58, 0.59, 0.6, 0.61, 0.62, 0.63, 0.64, 0.65, 0.66, 0.67, 0.68, 0.6900000000000001, 0.7000000000000001, 0.71, 0.72, 0.73, 0.74, 0.75, 0.76, 0.77, 0.78, 0.79, 0.8, 0.81, 0.8200000000000001, 0.8300000000000001, 0.84, 0.85, 0.86, 0.87, 0.88, 0.89, 0.9, 0.91, 0.92, 0.93, 0.9400000000000001, 0.9500000000000001, 0.96, 0.97, 0.98, 0.99], "area_2d": 0.9558725649350653, "error_total_3d": 0.1642522440848174, "error_keypoint_3d": [0.16406692885919422, 0.13500757826328813, 0.17366581465665315, 0.21771147570143512, 0.2752224427035385, 0.06139187335437865, 0.12129051737015702, 0.17760284438273546, 0.23907083658328207, 0.0, 0.11700266254361354, 0.18661996719476354, 0.24573475131778236, 0.05226560999099919, 0.13484281807938137, 0.20005683342738353, 0.2631026896359055, 0.09201955415863433, 0.137308943409814, 0.19448152164841304, 0.2608314624998126], "error_total_2d": 0.03915333273663912, "acc_range_2d": [0.0, 0.1602069805194805, 0.4184760551948052, 0.5933441558441559, 0.7034462932900433, 0.7730992965367963, 0.8207183441558439, 0.8565171807359302, 0.8838271103896101, 0.903933306277056, 0.920725108225108, 0.9343377976190473, 0.9455154220779217, 0.9541057900432897, 0.9611911525974025, 0.9670928030303027, 0.9721658549783548, 0.9761904761904764, 0.9798430735930735, 0.9825656114718612, 0.9848146645021643, 0.9867762445887447, 0.9884165313852811, 0.9898877164502163, 0.9911559794372296, 0.9923735119047616, 0.9933204816017316, 0.9941152597402598, 0.9947578463203464, 0.9953497023809526, 0.9959922889610392, 0.9964319534632033, 0.9969223484848485, 0.9972605519480517, 0.9977002164502163, 0.9978862283549783, 0.9981906114718615, 0.9984104437229437, 0.9986302759740259, 0.9987655573593073, 0.9989515692640691, 0.9990868506493503, 0.9992221320346318, 0.9993235930735929, 0.9993912337662337, 0.9994588744588744, 0.9994757846320345, 0.9995603354978353, 0.9996110660173159, 0.999729437229437, 0.9997970779220778, 0.9998478084415585, 0.9998647186147186, 0.9998816287878788, 0.9998985389610389, 0.999915449134199, 0.999915449134199, 0.9999323593073594, 0.9999661796536796, 0.9999661796536796, 1.0, 1.0, 1.0, 1.0, 1.0, 1.0, 1.0, 1.0, 1.0, 1.0, 1.0, 1.0, 1.0, 1.0, 1.0, 1.0, 1.0, 1.0, 1.0, 1.0, 1.0, 1.0, 1.0, 1.0, 1.0, 1.0, 1.0, 1.0, 1.0, 1.0, 1.0, 1.0, 1.0, 1.0, 1.0, 1.0, 1.0, 1.0, 1.0, 1.0]}