{"acc_range_2d": [0.0, 0.20258127289377287, 0.4856436965811965, 0.6559161324786326, 0.7547027625152626, 0.8158959096459094, 0.8563892704517702, 0.8862942612942611, 0.9080719627594627, 0.9242597680097677, 0.9372424450549446, 0.9480025183150178, 0.956730769230769, 0.9636179792429794, 0.9689884768009764, 0.9738057081807082, 0.9776404151404151, 0.9808741605616601, 0.9838312728937729, 0.9860061813186809, 0.9877422924297926, 0.9893543956043953, 0.9907852564102563, 0.9919871794871791, 0.9929601648351645, 0.9938854548229545, 0.9946485805860805, 0.9952876984126982, 0.9958409645909639, 0.9963179181929173, 0.9968616452991449, 0.9972432081807079, 0.9975961538461533, 0.9978918650793648, 0.9982448107448102, 0.9983878968253961, 0.9986072954822948, 0.9987503815628808, 0.9989030067155059, 0.9990174755799748, 0.9991605616605609, 0.9992559523809518, 0.9993513431013425, 0.999418116605616, 0.9994848901098894, 0.999561202686202, 0.9995802808302802, 0.9996375152625145, 0.9996852106227101, 0.9997615231990227, 0.9998282967032964, 0.9998664529914527, 0.9998759920634919, 0.999885531135531, 0.9999046092796092, 0.9999236874236873, 0.9999332264957264, 0.9999427655677655, 0.9999618437118437, 0.9999618437118437, 0.9999809218559218, 0.9999809218559218, 0.9999904609279608, 0.9999904609279608, 0.9999904609279608, 0.9999904609279608, 0.9999904609279608, 1.0, 1.0, 1.0, 1.0, 1.0, 1.0, 1.0, 1.0, 1.0, 1.0, 1.0, 1.0, 1.0, 1.0, 1.0, 1.0, 1.0, 1.0, 1.0, 1.0, 1.0, 1.0, 1.0, 1.0, 1.0, 1.0, 1.0, 1.0, 1.0, 1.0, 1.0, 1.0, 1.0], "error_total_3d": 0.15148396673123235, "thres_range": [0.0, 0.01, 0.02, 0.03, 0.04, 0.05, 0.06, 0.07, 0.08, 0.09, 0.1, 0.11, 0.12, 0.13, 0.14, 0.15, 0.16, 0.17, 0.18, 0.19, 0.2, 0.21, 0.22, 0.23, 0.24, 0.25, 0.26, 0.27, 0.28, 0.29, 0.3, 0.31, 0.32, 0.33, 0.34, 0.35000000000000003, 0.36, 0.37, 0.38, 0.39, 0.4, 0.41000000000000003, 0.42, 0.43, 0.44, 0.45, 0.46, 0.47000000000000003, 0.48, 0.49, 0.5, 0.51, 0.52, 0.53, 0.54, 0.55, 0.56, 0.5700000000000001, 0.58, 0.59, 0.6, 0.61, 0.62, 0.63, 0.64, 0.65, 0.66, 0.67, 0.68, 0.6900000000000001, 0.7000000000000001, 0.71, 0.72, 0.73, 0.74, 0.75, 0.76, 0.77, 0.78, 0.79, 0.8, 0.81, 0.8200000000000001, 0.8300000000000001, 0.84, 0.85, 0.86, 0.87, 0.88, 0.89, 0.9, 0.91, 0.92, 0.93, 0.9400000000000001, 0.9500000000000001, 0.96, 0.97, 0.98, 0.99], "error_keypoint_2d": [0.02808154278461089, 0.021625370676527103, 0.022554958955121645, 0.027151147645184164, 0.04177398691206527, 0.021295582903738872, 0.02685072243667573, 0.033926965021461725, 0.04824663108744668, 0.021348899468148667, 0.03047418202548868, 0.03904675267681458, 0.05083804096745599, 0.02216788621269818, 0.03473925155019923, 0.04453699101515131, 0.058620185596807386, 0.02380592850916412, 0.02923140478999824, 0.03869071928509362, 0.05545963420586275], "area_2d": 0.9607070360195366, "area_3d": 0.8439594780219778, "error_total_2d": 0.03430794212979593, "acc_range_3d": [0.04761904761904754, 0.04962225274725272, 0.06156517094017089, 0.08630952380952375, 0.1231303418803418, 0.16639003357753349, 0.21338904151404142, 0.26387934981684985, 0.31419795482295454, 0.36253243284493275, 0.4105998168498166, 0.4538595085470084, 0.4958218864468866, 0.5350274725274725, 0.5725255647130647, 0.607905982905983, 0.6405391483516484, 0.6700721153846152, 0.6977354242979243, 0.7232429029304027, 0.7466422466422465, 0.7690590659340657, 0.7887572496947494, 0.8070341117216115, 0.8227926587301582, 0.8376926892551888, 0.851314484126984, 0.8642017704517704, 0.8758585164835159, 0.886332417582417, 0.8961576617826617, 0.9051243894993891, 0.9130227411477408, 0.9199385683760681, 0.9265491452991449, 0.9320150335775335, 0.9374236874236869, 0.9423744658119657, 0.9469722985347985, 0.9512076465201458, 0.9549660409035408, 0.9582284035409032, 0.961796016483516, 0.9647531288156284, 0.9675194597069594, 0.9700186965811961, 0.9724130036630034, 0.974597451159951, 0.9763144841269841, 0.9777835012210011, 0.979605463980464, 0.9810554029304024, 0.9824194902319903, 0.9837835775335773, 0.984899648962149, 0.9858535561660569, 0.9868360805860805, 0.9878663003663002, 0.9886675824175821, 0.9894307081807079, 0.9901365995115997, 0.9908711080586077, 0.9914816086691084, 0.9919013278388278, 0.9925213675213675, 0.9930364774114773, 0.9934371184371182, 0.9938854548229551, 0.9942574786324782, 0.9945436507936503, 0.9948679792429789, 0.9950778388278383, 0.9953735500610498, 0.9956215659340655, 0.9958886599511593, 0.9961462148962144, 0.9963179181929177, 0.9964705433455426, 0.9967090201465192, 0.9968998015873007, 0.9970905830280824, 0.9972527472527464, 0.9974053724053717, 0.9975103021978015, 0.9976915445665439, 0.9978823260073251, 0.9979967948717942, 0.998120802808302, 0.9982257326007318, 0.9983497405372398, 0.9984165140415134, 0.9985596001220992, 0.9986359126984121, 0.9986740689865684, 0.998750381562881, 0.9988362332112326, 0.9988743894993888, 0.9989316239316233, 0.9989983974358967, 0.9990556318681314], "error_keypoint_3d": [0.14287037603618302, 0.11887899068283449, 0.156257614836646, 0.1968592055238379, 0.25053209371067053, 0.056912088019415906, 0.11279767809388339, 0.16594647314298364, 0.22689985857402625, 0.0, 0.10891876863920166, 0.17369311991140607, 0.23426811698757377, 0.04891737477019211, 0.12459227091126078, 0.18341462807569395, 0.24495703958624895, 0.0842109307801039, 0.1265008685290806, 0.18077542466329385, 0.24296037988134253]}