{"error_keypoint_2d": [0.011509803059646785, 0.011133213934052241, 0.013410273491247512, 0.017481591592555606, 0.024479333061555354, 0.012062757858266673, 0.017989626230687644, 0.024228668518605303, 0.03232415897224727, 0.012040209802370626, 0.02046478039555591, 0.02722132594784087, 0.034121857880192785, 0.012921189815505099, 0.02421751265068164, 0.03226300941726454, 0.040553218789517884, 0.014351805754263057, 0.022215126491083106, 0.030451970957304446, 0.040969034084576764], "error_keypoint_3d": [0.12667590018406227, 0.10974068140038933, 0.1494523145137416, 0.19269707180654605, 0.24345132407056794, 0.054836970961045346, 0.12409740454619934, 0.18700539710851827, 0.25603973388129625, 0.0, 0.11433565502853812, 0.18278274653359977, 0.2509321056001538, 0.04638215198381084, 0.1392870312579601, 0.20885417227614916, 0.2789293566161895, 0.0814349117131075, 0.13828715694398852, 0.20903130549758267, 0.28580684102742354], "error_total_2d": 0.022686212795477195, "thres_range": [0.0, 0.01, 0.02, 0.03, 0.04, 0.05, 0.06, 0.07, 0.08, 0.09, 0.1, 0.11, 0.12, 0.13, 0.14, 0.15, 0.16, 0.17, 0.18, 0.19, 0.2, 0.21, 0.22, 0.23, 0.24, 0.25, 0.26, 0.27, 0.28, 0.29, 0.3, 0.31, 0.32, 0.33, 0.34, 0.35000000000000003, 0.36, 0.37, 0.38, 0.39, 0.4, 0.41000000000000003, 0.42, 0.43, 0.44, 0.45, 0.46, 0.47000000000000003, 0.48, 0.49, 0.5, 0.51, 0.52, 0.53, 0.54, 0.55, 0.56, 0.5700000000000001, 0.58, 0.59, 0.6, 0.61, 0.62, 0.63, 0.64, 0.65, 0.66, 0.67, 0.68, 0.6900000000000001, 0.7000000000000001, 0.71, 0.72, 0.73, 0.74, 0.75, 0.76, 0.77, 0.78, 0.79, 0.8, 0.81, 0.8200000000000001, 0.8300000000000001, 0.84, 0.85, 0.86, 0.87, 0.88, 0.89, 0.9, 0.91, 0.92, 0.93, 0.9400000000000001, 0.9500000000000001, 0.96, 0.97, 0.98, 0.99], "error_total_3d": 0.16095524918813664, "acc_range_3d": [0.047619047619047616, 0.04922462406015034, 0.06024827694235585, 0.08446898496240596, 0.11971334586466165, 0.1614779135338345, 0.2079613095238094, 0.25665726817042595, 0.30478540100250606, 0.35023104636591457, 0.39411027568922286, 0.43558114035087697, 0.47544642857142855, 0.5137648809523809, 0.5519658521303258, 0.5869360902255638, 0.6196154448621554, 0.649768953634085, 0.676672149122807, 0.7026942355889721, 0.7255051691729323, 0.7468475877192983, 0.7665452694235588, 0.7855576441102755, 0.8030231829573932, 0.8178649749373432, 0.8327850877192983, 0.8462171052631577, 0.8575932017543857, 0.8685581140350876, 0.8782111528822052, 0.8872180451127818, 0.8956766917293231, 0.9032738095238093, 0.9103422619047614, 0.9164121240601503, 0.9214442355889719, 0.9267504699248116, 0.9322525062656637, 0.9370300751879699, 0.941533521303258, 0.945410401002506, 0.9487586152882201, 0.9519501879699244, 0.9550438596491225, 0.9578438283208017, 0.9613682644110273, 0.9635416666666662, 0.9657150689223054, 0.9677905701754386, 0.9697485902255638, 0.9715303884711777, 0.9731751253132828, 0.975113565162907, 0.9765233395989973, 0.9778547932330824, 0.9790491854636587, 0.9802044172932326, 0.9813400689223054, 0.9824365601503757, 0.9835134711779445, 0.9844337406015032, 0.9854323308270673, 0.9863721804511275, 0.9872532894736838, 0.9879581766917291, 0.9884868421052629, 0.9891721491228072, 0.9898574561403507, 0.9904840225563911, 0.9910714285714287, 0.9914826127819548, 0.9918546365914787, 0.9924224624060152, 0.9928140664160402, 0.9931860902255639, 0.993518953634085, 0.9937734962406014, 0.9941455200501255, 0.9944588032581454, 0.994674185463659, 0.9949483082706765, 0.9953007518796994, 0.9956140350877194, 0.9957902568922306, 0.9960643796992482, 0.9962014411027568, 0.9964951441102756, 0.9966909461152883, 0.9968475877192983, 0.9970042293233083, 0.9971804511278196, 0.9973958333333333, 0.9975328947368421, 0.9976503759398496, 0.9977874373433584, 0.9978853383458646, 0.9979244987468671, 0.9981594611528822, 0.9982377819548872], "area_3d": 0.8347106046365914, "area_2d": 0.9722752192982461, "acc_range_2d": [0.0, 0.39138862781954875, 0.6455396303258144, 0.7673676378446114, 0.8400297619047618, 0.8874138471177941, 0.9200148809523805, 0.9424537907268166, 0.9580787907268169, 0.9696311090225563, 0.9776394110275688, 0.9830631265664159, 0.9874882518796988, 0.9910126879699249, 0.9931469298245613, 0.9947329260651628, 0.9959664786967418, 0.996828007518797, 0.9975720551378446, 0.997983239348371, 0.9984531641604009, 0.9986881265664157, 0.9990601503759396, 0.9993342731829573, 0.9994713345864664, 0.9995888157894737, 0.9995888157894737, 0.9996279761904764, 0.9996671365914787, 0.9997258771929826, 0.9997454573934836, 0.9997454573934836, 0.999765037593985, 0.999765037593985, 0.9998041979949875, 0.9998041979949875, 0.9998237781954886, 0.9998629385964913, 0.9998825187969925, 0.9998825187969925, 0.9998825187969925, 0.9998825187969925, 0.9999020989974937, 0.999921679197995, 0.999921679197995, 0.999921679197995, 0.999921679197995, 0.9999412593984963, 0.9999412593984963, 0.9999412593984963, 0.9999412593984963, 0.9999608395989975, 0.9999608395989975, 0.9999608395989975, 0.9999608395989975, 0.9999608395989975, 0.9999608395989975, 1.0, 1.0, 1.0, 1.0, 1.0, 1.0, 1.0, 1.0, 1.0, 1.0, 1.0, 1.0, 1.0, 1.0, 1.0, 1.0, 1.0, 1.0, 1.0, 1.0, 1.0, 1.0, 1.0, 1.0, 1.0, 1.0, 1.0, 1.0, 1.0, 1.0, 1.0, 1.0, 1.0, 1.0, 1.0, 1.0, 1.0, 1.0, 1.0, 1.0, 1.0, 1.0, 1.0]}