{"thres_range": [0.0, 0.01, 0.02, 0.03, 0.04, 0.05, 0.06, 0.07, 0.08, 0.09, 0.1, 0.11, 0.12, 0.13, 0.14, 0.15, 0.16, 0.17, 0.18, 0.19, 0.2, 0.21, 0.22, 0.23, 0.24, 0.25, 0.26, 0.27, 0.28, 0.29, 0.3, 0.31, 0.32, 0.33, 0.34, 0.35000000000000003, 0.36, 0.37, 0.38, 0.39, 0.4, 0.41000000000000003, 0.42, 0.43, 0.44, 0.45, 0.46, 0.47000000000000003, 0.48, 0.49, 0.5, 0.51, 0.52, 0.53, 0.54, 0.55, 0.56, 0.5700000000000001, 0.58, 0.59, 0.6, 0.61, 0.62, 0.63, 0.64, 0.65, 0.66, 0.67, 0.68, 0.6900000000000001, 0.7000000000000001, 0.71, 0.72, 0.73, 0.74, 0.75, 0.76, 0.77, 0.78, 0.79, 0.8, 0.81, 0.8200000000000001, 0.8300000000000001, 0.84, 0.85, 0.86, 0.87, 0.88, 0.89, 0.9, 0.91, 0.92, 0.93, 0.9400000000000001, 0.9500000000000001, 0.96, 0.97, 0.98, 0.99], "acc_range_2d": [0.0, 0.4817612942612944, 0.7077800671550669, 0.8075015262515263, 0.8674068986568986, 0.9058112026862025, 0.9331788003662999, 0.9517704517704514, 0.9640758547008542, 0.9737770909645909, 0.9804639804639802, 0.9854719932844933, 0.9890586843711847, 0.9915960775335776, 0.9936851343101336, 0.995135073260073, 0.9962129884004879, 0.9970810439560435, 0.9977010836385828, 0.9983115842490838, 0.998645451770451, 0.9989983974358969, 0.9991701007326004, 0.999341804029304, 0.9994276556776557, 0.9995516636141634, 0.9996184371184367, 0.999666132478632, 0.9997233669108666, 0.999751984126984, 0.9997996794871791, 0.9998092185592182, 0.9998473748473745, 0.9998759920634919, 0.999904609279609, 0.9999236874236873, 0.9999332264957264, 0.9999332264957264, 0.9999427655677655, 0.9999427655677655, 0.9999427655677655, 0.9999523046398046, 0.9999618437118437, 0.9999618437118437, 0.9999618437118437, 0.9999618437118437, 0.9999713827838829, 0.9999713827838829, 0.9999713827838829, 0.9999713827838829, 0.9999713827838829, 0.9999713827838829, 0.9999713827838829, 0.9999713827838829, 0.9999713827838829, 0.9999809218559218, 0.9999809218559218, 0.9999809218559218, 0.9999809218559218, 0.9999809218559218, 0.9999904609279608, 0.9999904609279608, 0.9999904609279608, 1.0, 1.0, 1.0, 1.0, 1.0, 1.0, 1.0, 1.0, 1.0, 1.0, 1.0, 1.0, 1.0, 1.0, 1.0, 1.0, 1.0, 1.0, 1.0, 1.0, 1.0, 1.0, 1.0, 1.0, 1.0, 1.0, 1.0, 1.0, 1.0, 1.0, 1.0, 1.0, 1.0, 1.0, 1.0, 1.0, 1.0], "area_3d": 0.8572645757020757, "acc_range_3d": [0.04761904761904754, 0.050948183760683725, 0.07104700854700849, 0.10998550061050058, 0.161687271062271, 0.21865460927960925, 0.2762706043956042, 0.3324366605616604, 0.3848252442002441, 0.4360309829059828, 0.48320169413919417, 0.5273008241758241, 0.5678228021978025, 0.6049297924297924, 0.6383928571428569, 0.6693089896214895, 0.698231456043956, 0.7235386141636138, 0.7470333485958486, 0.7686393467643465, 0.7879750457875454, 0.806042048229548, 0.8223252442002439, 0.836891407203907, 0.8501888736263731, 0.8628949175824173, 0.8740556318681322, 0.8843101343101342, 0.8929048382173378, 0.9010989010989008, 0.9088923229548224, 0.9159607753357747, 0.922199328449328, 0.9280658577533575, 0.9333123473748473, 0.9380055708180708, 0.942584325396825, 0.9468482905982901, 0.9505112942612939, 0.9540884462759461, 0.9575129731379729, 0.960460546398046, 0.9630551739926738, 0.9655353327228321, 0.9679201007326008, 0.9700759310134307, 0.9721840659340657, 0.9741586538461533, 0.9758566086691085, 0.9775164072039073, 0.978737408424908, 0.980082417582417, 0.981284340659341, 0.9826484279609278, 0.9836309523809524, 0.9846230158730159, 0.9856436965811969, 0.9864259004884005, 0.9871890262515263, 0.9879616910866912, 0.9886294261294258, 0.9893543956043953, 0.9900507478632478, 0.9906707875457877, 0.9912717490842494, 0.9917582417582418, 0.9922447344322344, 0.9926739926739924, 0.9931032509157507, 0.9934561965811961, 0.9938949938949935, 0.9941811660561657, 0.9945245726495727, 0.994877518315018, 0.9951923076923075, 0.9954880189255189, 0.9957264957264954, 0.9960317460317457, 0.9962988400488394, 0.9964323870573867, 0.9966804029304024, 0.9968902625152618, 0.9970428876678868, 0.9972432081807073, 0.9974339896214887, 0.9975579975579967, 0.9977678571428567, 0.9978537087912083, 0.9979777167277161, 0.9980826465201457, 0.9982066544566536, 0.9983402014652006, 0.998416514041513, 0.998559600122099, 0.9986740689865679, 0.9987408424908415, 0.9987885378510369, 0.9988839285714277, 0.9989125457875451, 0.9989793192918185], "error_keypoint_3d": [0.09750968693599414, 0.08526085166550519, 0.11846791779009017, 0.15545133613686163, 0.20060751686198786, 0.04510916785646912, 0.10804842181105648, 0.1629584587117745, 0.2279367599457589, 0.0, 0.10362303737131767, 0.16438308693987216, 0.22773375676759036, 0.03936599082179526, 0.12542258548287813, 0.1871773380316415, 0.25231266468621566, 0.06516240676547824, 0.11504477953955454, 0.1770922820079506, 0.24368011856010222], "area_2d": 0.9750994925213683, "error_keypoint_2d": [0.008900955089401554, 0.00841154873287509, 0.010315957010343131, 0.013922385044240971, 0.021252647457160014, 0.008788735061657987, 0.01555263593425666, 0.022227252559661955, 0.030582279944167404, 0.009079207164643614, 0.01775049518771218, 0.02492135136819739, 0.03271665270817254, 0.008853874008627244, 0.022011232101791532, 0.030219050257155454, 0.038980996328976475, 0.010121365480148078, 0.018315978388880712, 0.026167984896921015, 0.03620285709855463], "error_total_3d": 0.13820705546142348, "error_total_2d": 0.019775973420168843}