{"acc_range_2d": [0.0, 0.567555708180708, 0.764842796092796, 0.844703907203907, 0.8912355006105003, 0.9223710317460314, 0.944654304029304, 0.9597069597069596, 0.9702571733821733, 0.9777930402930399, 0.9836309523809521, 0.9877709096459094, 0.9908615689865687, 0.9930173992673992, 0.9947535103785103, 0.9960699023199023, 0.9970619658119657, 0.9977106227106227, 0.9981875763125765, 0.9986836080586081, 0.9989316239316236, 0.9991605616605614, 0.9993894993894992, 0.9995039682539681, 0.999618437118437, 0.9996756715506714, 0.9997901404151404, 0.9998473748473748, 0.9999046092796092, 0.9999046092796092, 0.9999046092796092, 0.9999618437118437, 0.9999618437118437, 0.9999809218559218, 0.9999809218559218, 0.9999809218559218, 1.0, 1.0, 1.0, 1.0, 1.0, 1.0, 1.0, 1.0, 1.0, 1.0, 1.0, 1.0, 1.0, 1.0, 1.0, 1.0, 1.0, 1.0, 1.0, 1.0, 1.0, 1.0, 1.0, 1.0, 1.0, 1.0, 1.0, 1.0, 1.0, 1.0, 1.0, 1.0, 1.0, 1.0, 1.0, 1.0, 1.0, 1.0, 1.0, 1.0, 1.0, 1.0, 1.0, 1.0, 1.0, 1.0, 1.0, 1.0, 1.0, 1.0, 1.0, 1.0, 1.0, 1.0, 1.0, 1.0, 1.0, 1.0, 1.0, 1.0, 1.0, 1.0, 1.0, 1.0], "area_2d": 0.9777636599511607, "error_total_2d": 0.017036804026082642, "error_keypoint_3d": [0.07133560046293916, 0.06373553496478752, 0.0892055180330107, 0.11929926118337346, 0.15863679139762937, 0.036140834441026434, 0.09189439260994849, 0.1397355987406067, 0.19932467924417535, 0.0, 0.09412108799938906, 0.14781756922513103, 0.20564524123507838, 0.03315306461449953, 0.11074988487906431, 0.16341984376814275, 0.22437644278994787, 0.049718050801087744, 0.09220473372167759, 0.14653673282998333, 0.20336164138541044], "error_total_3d": 0.11621011925366236, "area_3d": 0.8790384615384613, "error_keypoint_2d": [0.006418085637377748, 0.005674791384588109, 0.0069768414920511135, 0.010263557917911524, 0.017880340052329302, 0.005620490342835183, 0.012958723239284481, 0.020466350084729922, 0.029358040269063423, 0.0063203752113546825, 0.015501256371839517, 0.022804363848110416, 0.031212447075963958, 0.0051131894681446235, 0.019997476008320986, 0.028263897849520176, 0.03741406028694445, 0.0061365994057263, 0.014921973419836249, 0.022510875326743073, 0.0319591498550602], "thres_range": [0.0, 0.01, 0.02, 0.03, 0.04, 0.05, 0.06, 0.07, 0.08, 0.09, 0.1, 0.11, 0.12, 0.13, 0.14, 0.15, 0.16, 0.17, 0.18, 0.19, 0.2, 0.21, 0.22, 0.23, 0.24, 0.25, 0.26, 0.27, 0.28, 0.29, 0.3, 0.31, 0.32, 0.33, 0.34, 0.35000000000000003, 0.36, 0.37, 0.38, 0.39, 0.4, 0.41000000000000003, 0.42, 0.43, 0.44, 0.45, 0.46, 0.47000000000000003, 0.48, 0.49, 0.5, 0.51, 0.52, 0.53, 0.54, 0.55, 0.56, 0.5700000000000001, 0.58, 0.59, 0.6, 0.61, 0.62, 0.63, 0.64, 0.65, 0.66, 0.67, 0.68, 0.6900000000000001, 0.7000000000000001, 0.71, 0.72, 0.73, 0.74, 0.75, 0.76, 0.77, 0.78, 0.79, 0.8, 0.81, 0.8200000000000001, 0.8300000000000001, 0.84, 0.85, 0.86, 0.87, 0.88, 0.89, 0.9, 0.91, 0.92, 0.93, 0.9400000000000001, 0.9500000000000001, 0.96, 0.97, 0.98, 0.99], "acc_range_3d": [0.047619047619047616, 0.05235042735042731, 0.08050976800976796, 0.13322268009768007, 0.1997863247863247, 0.2709478021978021, 0.3414797008547007, 0.40762362637362604, 0.46716651404151394, 0.520375457875458, 0.5687767094017097, 0.6146214896214898, 0.6540560134310136, 0.6878624847374848, 0.7187690781440782, 0.7471573565323564, 0.7724549755799754, 0.7948145604395602, 0.8154952686202683, 0.8332570207570206, 0.8495306776556774, 0.8630761599511598, 0.8757058913308909, 0.8870001526251522, 0.896768162393162, 0.9058684371184368, 0.9134233821733816, 0.9206921550671547, 0.9275412087912087, 0.9340850122100116, 0.9394650488400487, 0.9442918192918188, 0.94921398046398, 0.9537355006105003, 0.9572077228327225, 0.960584554334554, 0.9636752136752136, 0.9663843101343098, 0.9688453907203904, 0.971287393162393, 0.9735386141636139, 0.9757516788766785, 0.9773351648351644, 0.9790712759462759, 0.9805021367521368, 0.9819139194139194, 0.9829632173382169, 0.9840125152625147, 0.985367063492063, 0.986263736263736, 0.9870077838827837, 0.987942612942613, 0.9886103479853477, 0.9893925518925516, 0.9901747557997556, 0.9907280219780219, 0.9913576007326006, 0.9918727106227104, 0.9925022893772893, 0.9930173992673992, 0.9936278998778997, 0.9939903846153845, 0.9945054945054945, 0.9949824481074483, 0.9953830891330893, 0.9958409645909648, 0.996127136752137, 0.9962988400488402, 0.9965659340659343, 0.9968330280830281, 0.9969856532356532, 0.9971573565323567, 0.9973099816849819, 0.9976152319902319, 0.9977869352869353, 0.9979967948717948, 0.9982066544566541, 0.9983402014652014, 0.9983974358974359, 0.9985309829059827, 0.9986645299145298, 0.9987599206349208, 0.9988171550671552, 0.9988171550671552, 0.9988934676434675, 0.9990079365079362, 0.999084249084249, 0.9991224053724054, 0.999198717948718, 0.9992559523809523, 0.9993513431013431, 0.9994085775335774, 0.9994658119658119, 0.999503968253968, 0.9995421245421244, 0.9995993589743588, 0.999618437118437, 0.9996947496947498, 0.9997519841269841, 0.9997519841269841]}