{"error_total_2d": 0.21418066177142675, "error_keypoint_2d": [-1.0, -1.0, -1.0, -1.0, 0.13031789168884808, -1.0, -1.0, -1.0, 0.25440720322658306, -1.0, -1.0, -1.0, 0.06766830053747981, -1.0, -1.0, -1.0, 0.1681049182487186, -1.0, -1.0, -1.0, 0.40257700909278354]}