{"thres_range": [0.0, 0.01, 0.02, 0.03, 0.04, 0.05, 0.06, 0.07, 0.08, 0.09, 0.1, 0.11, 0.12, 0.13, 0.14, 0.15, 0.16, 0.17, 0.18, 0.19, 0.2, 0.21, 0.22, 0.23, 0.24, 0.25, 0.26, 0.27, 0.28, 0.29, 0.3, 0.31, 0.32, 0.33, 0.34, 0.35000000000000003, 0.36, 0.37, 0.38, 0.39, 0.4, 0.41000000000000003, 0.42, 0.43, 0.44, 0.45, 0.46, 0.47000000000000003, 0.48, 0.49, 0.5, 0.51, 0.52, 0.53, 0.54, 0.55, 0.56, 0.5700000000000001, 0.58, 0.59, 0.6, 0.61, 0.62, 0.63, 0.64, 0.65, 0.66, 0.67, 0.68, 0.6900000000000001, 0.7000000000000001, 0.71, 0.72, 0.73, 0.74, 0.75, 0.76, 0.77, 0.78, 0.79, 0.8, 0.81, 0.8200000000000001, 0.8300000000000001, 0.84, 0.85, 0.86, 0.87, 0.88, 0.89, 0.9, 0.91, 0.92, 0.93, 0.9400000000000001, 0.9500000000000001, 0.96, 0.97, 0.98, 0.99], "error_keypoint_2d": [0.019173650917921874, 0.015007484657218857, 0.016486827756177894, 0.02003080213446304, 0.028857280271562303, 0.014808724873161667, 0.018810741361011633, 0.025648754278773386, 0.03541289897020469, 0.015049425156462348, 0.02373515923946238, 0.031105951064319015, 0.04162034629757144, 0.015617828916305143, 0.028278877037684114, 0.03571884820732626, 0.048738465481607984, 0.016756789645182398, 0.023732565521189103, 0.031167190272546972, 0.044536960985918736], "acc_range_2d": [0.0, 0.3298515720390719, 0.6350255647130647, 0.7684485653235649, 0.8353937728937728, 0.8757822039072038, 0.9041227869352867, 0.9228479853479851, 0.937013507326007, 0.949032738095238, 0.9579231532356528, 0.9647149725274726, 0.9704956501831501, 0.9750171703296706, 0.9785943223443223, 0.981990231990232, 0.9844894688644689, 0.9869123931623935, 0.9885435744810741, 0.990289224664225, 0.9916819291819289, 0.992893391330891, 0.9939522283272282, 0.9947439713064709, 0.9954880189255183, 0.9961080586080581, 0.9965850122100118, 0.9970810439560432, 0.9975579975579967, 0.9978918650793639, 0.9981780372405362, 0.9983211233211224, 0.9985309829059819, 0.9987313034188026, 0.9989030067155061, 0.9990556318681312, 0.9991891788766781, 0.9993418040293036, 0.9994371947496944, 0.999523046398046, 0.9995898199023195, 0.9996565934065931, 0.9996947496947494, 0.9997138278388275, 0.9997519841269837, 0.99979014041514, 0.9998378357753354, 0.9998759920634919, 0.9998950702075701, 0.9999236874236874, 0.9999427655677655, 0.9999713827838826, 0.9999809218559218, 0.9999809218559218, 0.9999809218559218, 0.9999904609279608, 1.0, 1.0, 1.0, 1.0, 1.0, 1.0, 1.0, 1.0, 1.0, 1.0, 1.0, 1.0, 1.0, 1.0, 1.0, 1.0, 1.0, 1.0, 1.0, 1.0, 1.0, 1.0, 1.0, 1.0, 1.0, 1.0, 1.0, 1.0, 1.0, 1.0, 1.0, 1.0, 1.0, 1.0, 1.0, 1.0, 1.0, 1.0, 1.0, 1.0, 1.0, 1.0, 1.0, 1.0], "error_total_2d": 0.026204551097431972, "error_keypoint_3d": [0.1312945315852024, 0.10943473043834018, 0.14540384735394185, 0.1870900556276842, 0.23988930488942573, 0.05117754642448675, 0.10658675524040845, 0.15888763938318545, 0.21900533538577385, 0.014042105029847544, 0.1050142920659523, 0.16769172198128685, 0.22822890964557585, 0.0416241801351414, 0.11922075502577802, 0.17440176926613324, 0.23190005114343082, 0.07720467102747837, 0.119606662016453, 0.1708670119775119, 0.22870371556125926], "area_2d": 0.9687726076007328, "area_3d": 0.8508964819902317, "error_total_3d": 0.144155980533538, "acc_range_3d": [0.0, 0.016655219780219794, 0.05560325091575091, 0.09148923992673985, 0.1326407967032966, 0.18009768009767996, 0.23108402014652016, 0.28118322649572636, 0.3317116910866908, 0.38106684981684963, 0.4280563186813184, 0.4733192155067155, 0.5164644383394383, 0.5564522283272285, 0.5938167735042734, 0.6298172313797313, 0.6634901556776558, 0.6939197954822955, 0.7216403388278386, 0.7468807234432233, 0.7699652777777778, 0.7901117979242978, 0.810000763125763, 0.8278102106227103, 0.8433016636141633, 0.8574099511599511, 0.8707837301587301, 0.8822496947496947, 0.8933531746031742, 0.9022626678876678, 0.9108096764346757, 0.9186794108669105, 0.92588141025641, 0.9322916666666663, 0.9380055708180706, 0.9434619200244202, 0.9483268467643468, 0.9526289682539676, 0.956845238095238, 0.9604987026862029, 0.963474893162393, 0.9665464743589738, 0.96925557081807, 0.971945589133089, 0.9741014194139189, 0.9763240231990229, 0.9781269078144075, 0.9798344017094018, 0.9814369658119659, 0.9828201312576303, 0.9841556013431011, 0.9853002899877893, 0.9865785256410254, 0.9876087454212452, 0.9884481837606833, 0.9892685439560441, 0.9901747557997559, 0.9908234126984127, 0.9914434523809524, 0.9920253357753358, 0.9926549145299146, 0.9931604853479854, 0.9936755952380952, 0.9941334706959706, 0.9945627289377288, 0.9949347527472523, 0.9952018467643464, 0.9955738705738703, 0.9959077380952377, 0.9961652930402928, 0.996461004273504, 0.9966613247863244, 0.9968807234432229, 0.9971287393162387, 0.997329059829059, 0.9974816849816841, 0.9976629273504262, 0.9978250915750906, 0.9980444902319894, 0.9981780372405362, 0.9983115842490832, 0.9983783577533566, 0.9985023656898647, 0.9985691391941384, 0.9986072954822947, 0.9986931471306463, 0.9987980769230762, 0.998893467643467, 0.9989316239316235, 0.999027014652014, 0.9990842490842482, 0.9991987179487174, 0.9992368742368739, 0.9992845695970692, 0.9993513431013429, 0.9993894993894992, 0.9994371947496944, 0.9994658119658115, 0.9995325854700849, 0.9995707417582415]}