{"acc_range_2d": [0.0, 0.324824481074481, 0.6289587148962148, 0.763087606837607, 0.8324843559218557, 0.8735786782661779, 0.9017094017094015, 0.9219131562881557, 0.9364888583638581, 0.9484508547008551, 0.957894536019536, 0.9641807844932839, 0.9700186965811961, 0.9746737637362637, 0.9786992521367522, 0.9821428571428567, 0.9846993284493286, 0.9871699481074483, 0.9890777625152626, 0.9907471001221, 0.9920539529914524, 0.9932081807081806, 0.994190705128205, 0.9949442918192916, 0.9955166361416357, 0.9961175976800976, 0.996689942002441, 0.9970619658119648, 0.9975484584859575, 0.9978155525030519, 0.9981589590964582, 0.9984451312576308, 0.9986645299145295, 0.9988362332112326, 0.9989316239316233, 0.9990556318681312, 0.9992273351648344, 0.9993608821733813, 0.9994944291819285, 0.999561202686202, 0.9996470543345538, 0.9997424450549446, 0.9997710622710619, 0.99979014041514, 0.9998187576312574, 0.9998378357753356, 0.9998759920634916, 0.9999046092796092, 0.9999046092796092, 0.9999236874236873, 0.9999523046398044, 0.9999618437118435, 0.9999618437118435, 0.9999713827838826, 0.9999713827838826, 0.9999713827838826, 0.9999713827838826, 0.9999809218559218, 0.9999809218559218, 0.9999809218559218, 0.9999809218559218, 0.9999809218559218, 0.9999904609279608, 0.9999904609279608, 1.0, 1.0, 1.0, 1.0, 1.0, 1.0, 1.0, 1.0, 1.0, 1.0, 1.0, 1.0, 1.0, 1.0, 1.0, 1.0, 1.0, 1.0, 1.0, 1.0, 1.0, 1.0, 1.0, 1.0, 1.0, 1.0, 1.0, 1.0, 1.0, 1.0, 1.0, 1.0, 1.0, 1.0, 1.0, 1.0], "error_keypoint_3d": [0.13300388303571545, 0.11058404800804475, 0.1450068329613714, 0.18476495505913193, 0.23597000427775455, 0.05161569676401529, 0.10789169613361502, 0.1610081263402091, 0.2210706211447429, 0.014114179063875408, 0.10469410376082613, 0.16625162850640407, 0.22545855426561992, 0.04205237145852619, 0.1189878223434416, 0.17355471413023993, 0.23112611824277943, 0.07807076491684338, 0.12000692170355858, 0.17129650356582715, 0.23062781878438843], "thres_range": [0.0, 0.01, 0.02, 0.03, 0.04, 0.05, 0.06, 0.07, 0.08, 0.09, 0.1, 0.11, 0.12, 0.13, 0.14, 0.15, 0.16, 0.17, 0.18, 0.19, 0.2, 0.21, 0.22, 0.23, 0.24, 0.25, 0.26, 0.27, 0.28, 0.29, 0.3, 0.31, 0.32, 0.33, 0.34, 0.35000000000000003, 0.36, 0.37, 0.38, 0.39, 0.4, 0.41000000000000003, 0.42, 0.43, 0.44, 0.45, 0.46, 0.47000000000000003, 0.48, 0.49, 0.5, 0.51, 0.52, 0.53, 0.54, 0.55, 0.56, 0.5700000000000001, 0.58, 0.59, 0.6, 0.61, 0.62, 0.63, 0.64, 0.65, 0.66, 0.67, 0.68, 0.6900000000000001, 0.7000000000000001, 0.71, 0.72, 0.73, 0.74, 0.75, 0.76, 0.77, 0.78, 0.79, 0.8, 0.81, 0.8200000000000001, 0.8300000000000001, 0.84, 0.85, 0.86, 0.87, 0.88, 0.89, 0.9, 0.91, 0.92, 0.93, 0.9400000000000001, 0.9500000000000001, 0.96, 0.97, 0.98, 0.99], "acc_range_3d": [0.0, 0.01725618131868133, 0.055431547619047575, 0.09102182539682534, 0.13226877289377284, 0.17798954517704507, 0.22790750915750904, 0.27842643467643446, 0.32817269536019505, 0.3779189560439558, 0.4269593253968252, 0.47301396520146527, 0.5169127747252747, 0.5574347527472528, 0.5950473137973141, 0.6310573107448108, 0.6636237026862026, 0.6939293345543345, 0.721888354700855, 0.7469188797313794, 0.7698412698412701, 0.7912946428571429, 0.8111263736263736, 0.8280486874236874, 0.8439980158730159, 0.8585260225885222, 0.8717090201465197, 0.8839381105006103, 0.8947649572649572, 0.9043708028083026, 0.9132230616605613, 0.9211309523809521, 0.9281135531135525, 0.9343807234432234, 0.9400564713064713, 0.9453983516483515, 0.9497481684981682, 0.9537068833943833, 0.9574557387057384, 0.9611664377289372, 0.9645337301587299, 0.9672714438339437, 0.9701427045177047, 0.972498855311355, 0.9745306776556774, 0.9764766483516482, 0.9783844627594623, 0.9800251831501828, 0.9815418956043959, 0.982944139194139, 0.9843654609279611, 0.985433836996337, 0.9864640567765568, 0.9873321123321127, 0.9883909493284495, 0.9891826923076923, 0.9899172008547007, 0.990718482905983, 0.9912526709401707, 0.9917773199023199, 0.9923496642246641, 0.9927884615384616, 0.9933035714285716, 0.9937805250305254, 0.9941811660561664, 0.9945531898656899, 0.9949538308913307, 0.9952495421245419, 0.9955166361416357, 0.9957169566544561, 0.9960222069597068, 0.9962893009768007, 0.9965468559218557, 0.9967376373626369, 0.9969665750915748, 0.9971382783882777, 0.99731952075702, 0.9975007631257623, 0.9976343101343088, 0.997777396214895, 0.997891865079364, 0.9980540293040284, 0.9981971153846144, 0.9983402014652006, 0.9984260531135524, 0.9984832875457869, 0.998540521978021, 0.9986072954822948, 0.9987694597069592, 0.9988553113553107, 0.9989125457875452, 0.9989697802197798, 0.9990651709401707, 0.999131944444444, 0.9991701007326004, 0.9992845695970689, 0.9993131868131863, 0.9993608821733816, 0.9993990384615379, 0.9994181166056162], "error_keypoint_2d": [0.020180397889085284, 0.015942082170544707, 0.017146864830765596, 0.02032311031581603, 0.028926326380368933, 0.015644687227622037, 0.020291240001376, 0.02671133899502237, 0.03666508078560163, 0.015393290213484515, 0.023903471072356134, 0.03107030333529355, 0.04121401555853364, 0.01576833337191065, 0.028432574274423434, 0.035626041927638394, 0.047552434600698364, 0.017003369281442887, 0.02329803672961507, 0.030379532542431555, 0.04384815732541005], "area_3d": 0.8509687881562877, "error_total_3d": 0.1441503506889014, "area_2d": 0.9685354662698413, "error_total_2d": 0.02644384232521147}