{"area_2d": 0.9682802960927966, "error_keypoint_3d": [0.13329225198919095, 0.11099498677821173, 0.14577021668950552, 0.1854453776180983, 0.23693212433714414, 0.05179109171126001, 0.1081027779313538, 0.16138848025510902, 0.22158612159098715, 0.014132303153567194, 0.10491765727466629, 0.1664804494301699, 0.2257528495484178, 0.042189801410924516, 0.11945098833856695, 0.17423581772993949, 0.23157616422124705, 0.07834932982260422, 0.1204457889166989, 0.17177051383614292, 0.23097157495347068], "thres_range": [0.0, 0.01, 0.02, 0.03, 0.04, 0.05, 0.06, 0.07, 0.08, 0.09, 0.1, 0.11, 0.12, 0.13, 0.14, 0.15, 0.16, 0.17, 0.18, 0.19, 0.2, 0.21, 0.22, 0.23, 0.24, 0.25, 0.26, 0.27, 0.28, 0.29, 0.3, 0.31, 0.32, 0.33, 0.34, 0.35000000000000003, 0.36, 0.37, 0.38, 0.39, 0.4, 0.41000000000000003, 0.42, 0.43, 0.44, 0.45, 0.46, 0.47000000000000003, 0.48, 0.49, 0.5, 0.51, 0.52, 0.53, 0.54, 0.55, 0.56, 0.5700000000000001, 0.58, 0.59, 0.6, 0.61, 0.62, 0.63, 0.64, 0.65, 0.66, 0.67, 0.68, 0.6900000000000001, 0.7000000000000001, 0.71, 0.72, 0.73, 0.74, 0.75, 0.76, 0.77, 0.78, 0.79, 0.8, 0.81, 0.8200000000000001, 0.8300000000000001, 0.84, 0.85, 0.86, 0.87, 0.88, 0.89, 0.9, 0.91, 0.92, 0.93, 0.9400000000000001, 0.9500000000000001, 0.96, 0.97, 0.98, 0.99], "area_3d": 0.8505804525335774, "acc_range_2d": [0.0, 0.319682921245421, 0.6262496184371186, 0.7605597527472528, 0.8299183455433456, 0.8716422466422463, 0.9003643925518924, 0.9211309523809527, 0.935620802808303, 0.9478021978021974, 0.9570264804639798, 0.9636561355311355, 0.9695131257631258, 0.9742922008547007, 0.9783940018315016, 0.9819043803418805, 0.9844703907203906, 0.9867311507936504, 0.9888106684981685, 0.9904227716727717, 0.9919108669108667, 0.9930746336996336, 0.9939713064713062, 0.9947916666666661, 0.9954880189255181, 0.9960699023199018, 0.9964800824175817, 0.9969379578754575, 0.9973672161172152, 0.9978250915750906, 0.9980540293040286, 0.9983020451770446, 0.998511904761904, 0.9986549908424902, 0.9988457722832715, 0.9989888583638578, 0.9991510225885218, 0.9992368742368737, 0.9993894993894988, 0.9995039682539678, 0.9995707417582415, 0.9996565934065931, 0.9997138278388277, 0.9997424450549448, 0.9997806013431011, 0.9998092185592184, 0.9998378357753354, 0.999885531135531, 0.999885531135531, 0.9999236874236873, 0.9999427655677655, 0.9999427655677655, 0.9999523046398046, 0.9999523046398046, 0.9999523046398046, 0.9999523046398046, 0.9999523046398046, 0.9999523046398046, 0.9999618437118435, 0.9999713827838829, 0.9999809218559218, 0.9999809218559218, 0.9999904609279608, 0.9999904609279608, 1.0, 1.0, 1.0, 1.0, 1.0, 1.0, 1.0, 1.0, 1.0, 1.0, 1.0, 1.0, 1.0, 1.0, 1.0, 1.0, 1.0, 1.0, 1.0, 1.0, 1.0, 1.0, 1.0, 1.0, 1.0, 1.0, 1.0, 1.0, 1.0, 1.0, 1.0, 1.0, 1.0, 1.0, 1.0, 1.0], "acc_range_3d": [0.0, 0.017208485958485974, 0.05553647741147737, 0.09141292735042726, 0.1314102564102564, 0.1775602869352868, 0.22726839133089127, 0.2773389804639804, 0.32706616300366287, 0.3772989163614161, 0.42533768315018333, 0.472193605006105, 0.5160733363858364, 0.5556509462759462, 0.5937023046398047, 0.6293975122100123, 0.6624122405372403, 0.6930803571428572, 0.7198374542124542, 0.7452113858363857, 0.7687156593406592, 0.7903598137973135, 0.809228098290598, 0.8259691697191693, 0.8422619047619048, 0.8566277472527468, 0.8700873778998778, 0.8823737026862023, 0.8935248778998774, 0.9031211843711842, 0.9121165293040289, 0.9202342796092793, 0.9271214896214892, 0.9336271367521363, 0.9397512210012207, 0.9448546245421243, 0.9493189102564099, 0.9537259615384616, 0.9576751373626371, 0.9610996642246635, 0.9643524877899876, 0.9672619047619049, 0.9699519230769229, 0.9724034645909646, 0.9745306776556776, 0.9764671092796089, 0.9781746031746028, 0.9797485500610494, 0.9811889499389493, 0.9827438186813183, 0.9841365231990232, 0.9853861416361417, 0.986416361416361, 0.9875610500610498, 0.9885244963369965, 0.9893162393162394, 0.9900698260073256, 0.9907375610500612, 0.9911763583638583, 0.9917773199023193, 0.9923305860805857, 0.9929410866910866, 0.9934561965811963, 0.9938377594627591, 0.9942193223443221, 0.9945627289377287, 0.9948870573870573, 0.9951732295482295, 0.9954212454212452, 0.9957169566544563, 0.9959745115995111, 0.9962225274725273, 0.9965182387057382, 0.9967280982905978, 0.9969093406593401, 0.997157356532356, 0.9973290598290592, 0.9974626068376062, 0.9975961538461533, 0.9977678571428567, 0.9979777167277163, 0.9981208028083021, 0.9982352716727709, 0.9983497405372399, 0.9984451312576308, 0.9985023656898653, 0.9986168345543341, 0.9987122252747249, 0.9988266941391936, 0.9989316239316233, 0.9989983974358969, 0.9990651709401706, 0.9991224053724048, 0.999179639804639, 0.9992654914529907, 0.9992941086691081, 0.9993227258852252, 0.9993608821733815, 0.9993799603174597, 0.999408577533577], "error_total_2d": 0.02669743726337093, "error_keypoint_2d": [0.020476931683248996, 0.016114441634438384, 0.017393493217203588, 0.020675965610313922, 0.029220325368541102, 0.01581881174045736, 0.02067691188730327, 0.027141353842329734, 0.03684021513764398, 0.0155840425565208, 0.024137297405582687, 0.03129573568857361, 0.04132862138669388, 0.01598848452882661, 0.028673685395134294, 0.035759231786272126, 0.047684404204451664, 0.01723340901205516, 0.02354019312468107, 0.030789128925872634, 0.04427349839464475], "error_total_3d": 0.14455126988272754}