{"error_total_2d": 0.09862215890978648, "error_keypoint_2d": [-1.0, 0.08799740694737664, 0.09715128078529311, 0.10882769195323698, 0.09554212105103943, 0.0667969544493921, 0.07511790858271801, 0.07898089333500889, 0.10008488828808644, 0.06862781292140782, 0.07543347442276133, 0.08755569588585944, 0.13927498108332978, 0.08055538639224402, 0.08709154998194643, 0.10991354386568793, 0.16756985093701113, 0.09407323578034266, 0.09994300194561041, 0.11795236939882592, 0.13395313018855118]}