{"thres_range": [0.0, 0.01, 0.02, 0.03, 0.04, 0.05, 0.06, 0.07, 0.08, 0.09, 0.1, 0.11, 0.12, 0.13, 0.14, 0.15, 0.16, 0.17, 0.18, 0.19, 0.2, 0.21, 0.22, 0.23, 0.24, 0.25, 0.26, 0.27, 0.28, 0.29, 0.3, 0.31, 0.32, 0.33, 0.34, 0.35000000000000003, 0.36, 0.37, 0.38, 0.39, 0.4, 0.41000000000000003, 0.42, 0.43, 0.44, 0.45, 0.46, 0.47000000000000003, 0.48, 0.49, 0.5, 0.51, 0.52, 0.53, 0.54, 0.55, 0.56, 0.5700000000000001, 0.58, 0.59, 0.6, 0.61, 0.62, 0.63, 0.64, 0.65, 0.66, 0.67, 0.68, 0.6900000000000001, 0.7000000000000001, 0.71, 0.72, 0.73, 0.74, 0.75, 0.76, 0.77, 0.78, 0.79, 0.8, 0.81, 0.8200000000000001, 0.8300000000000001, 0.84, 0.85, 0.86, 0.87, 0.88, 0.89, 0.9, 0.91, 0.92, 0.93, 0.9400000000000001, 0.9500000000000001, 0.96, 0.97, 0.98, 0.99], "area_3d": 0.8474631791819291, "area_2d": 0.9765742330586087, "error_total_2d": 0.018351698842950178, "acc_range_2d": [0.0, 0.48271520146520136, 0.7321237789987787, 0.8317784645909643, 0.8874484890109884, 0.9215411324786325, 0.94458753052503, 0.9608898046398042, 0.9717643467643466, 0.979987026862027, 0.985281211843712, 0.9895451770451769, 0.9923305860805862, 0.994219322344322, 0.9956978785103783, 0.9966804029304024, 0.9976629273504266, 0.9983115842490838, 0.9986931471306463, 0.9991224053724045, 0.9993799603174593, 0.9994753510378503, 0.9995993589743583, 0.9996661324786319, 0.9997615231990229, 0.9997996794871791, 0.9998473748473745, 0.9998664529914527, 0.9998950702075701, 0.9999236874236873, 0.9999332264957264, 0.9999618437118437, 0.9999713827838829, 0.9999713827838829, 0.9999904609279608, 1.0, 1.0, 1.0, 1.0, 1.0, 1.0, 1.0, 1.0, 1.0, 1.0, 1.0, 1.0, 1.0, 1.0, 1.0, 1.0, 1.0, 1.0, 1.0, 1.0, 1.0, 1.0, 1.0, 1.0, 1.0, 1.0, 1.0, 1.0, 1.0, 1.0, 1.0, 1.0, 1.0, 1.0, 1.0, 1.0, 1.0, 1.0, 1.0, 1.0, 1.0, 1.0, 1.0, 1.0, 1.0, 1.0, 1.0, 1.0, 1.0, 1.0, 1.0, 1.0, 1.0, 1.0, 1.0, 1.0, 1.0, 1.0, 1.0, 1.0, 1.0, 1.0, 1.0, 1.0, 1.0], "acc_range_3d": [0.0, 0.01805746336996338, 0.06068757631257628, 0.0993971306471306, 0.14342948717948706, 0.18892132173382167, 0.23695054945054936, 0.2874313186813185, 0.33613782051282043, 0.3844055250305251, 0.4302216880341879, 0.47477869352869334, 0.517656822344322, 0.5570150335775337, 0.594684829059829, 0.6291590354090353, 0.660380418192918, 0.6889022435897437, 0.7155925671550671, 0.7397359584859584, 0.7625534188034186, 0.7831482753357749, 0.8015873015873015, 0.8178609584859583, 0.8330280830280827, 0.8462969322344318, 0.8587454212454213, 0.869896596459096, 0.8804277319902319, 0.8901098901098902, 0.899143391330891, 0.9072706807081804, 0.9144631410256406, 0.9215220543345541, 0.9274553571428563, 0.9335412851037846, 0.9386637667887666, 0.9430517399267393, 0.9472584706959705, 0.9510454822954818, 0.9549374236874235, 0.9579803876678875, 0.961080586080586, 0.9638755341880341, 0.9662793803418797, 0.9688549297924299, 0.9710584554334551, 0.9732238247863249, 0.9750076312576315, 0.9767628205128204, 0.9783558455433455, 0.9796531593406593, 0.9811030982905979, 0.9824767246642246, 0.9836404914529914, 0.9848519536019535, 0.985739087301587, 0.9866548382173383, 0.9875705891330893, 0.9884863400488402, 0.9892303876678875, 0.989859966422466, 0.9906230921855922, 0.9912812881562877, 0.9918631715506715, 0.9923973595848593, 0.9928456959706957, 0.9933512667887668, 0.9937232905982903, 0.9940762362637361, 0.9945245726495724, 0.9948965964590962, 0.995201846764347, 0.9955357142857141, 0.9958123473748471, 0.9960603632478626, 0.9963369963369959, 0.9965945512820509, 0.9968330280830278, 0.9970905830280824, 0.997281364468864, 0.9974626068376062, 0.9976343101343094, 0.9978060134310127, 0.9979204822954816, 0.9980254120879115, 0.9982352716727712, 0.9982925061050056, 0.9984546703296695, 0.9985786782661776, 0.9987408424908417, 0.9987789987789981, 0.9988362332112326, 0.998893467643467, 0.9989983974358969, 0.9990651709401703, 0.9991510225885224, 0.9992273351648345, 0.999265491452991, 0.9993227258852253], "error_keypoint_2d": [0.009524998949304156, 0.007605078903420457, 0.010611910599710684, 0.012456643710402787, 0.02229406404612396, 0.008144967792479573, 0.013922528469446404, 0.01997582963103457, 0.02696036584922304, 0.007707169858023031, 0.01647330251358006, 0.022761418606186894, 0.030500382591672183, 0.008234432799198634, 0.02043204937962902, 0.027755282710359097, 0.03581487532563024, 0.009267859456007827, 0.016816731122430494, 0.02404461185768142, 0.034081171530409356], "error_keypoint_3d": [0.12039745743179363, 0.09538805144968183, 0.12477519723781882, 0.16812015064556945, 0.2199725513933234, 0.04635044596738552, 0.11815784400245413, 0.17512870079026938, 0.23949560653249463, 0.013685946811270137, 0.11107659082746324, 0.17463081622106705, 0.2373829562970152, 0.03838895292133552, 0.12986516642064463, 0.1936305746906631, 0.25674246801645495, 0.07072330193384402, 0.12321022820022055, 0.1859926411182245, 0.25706603217977086], "error_total_3d": 0.14762769909946502}