{"thres_range": [0.0, 0.01, 0.02, 0.03, 0.04, 0.05, 0.06, 0.07, 0.08, 0.09, 0.1, 0.11, 0.12, 0.13, 0.14, 0.15, 0.16, 0.17, 0.18, 0.19, 0.2, 0.21, 0.22, 0.23, 0.24, 0.25, 0.26, 0.27, 0.28, 0.29, 0.3, 0.31, 0.32, 0.33, 0.34, 0.35000000000000003, 0.36, 0.37, 0.38, 0.39, 0.4, 0.41000000000000003, 0.42, 0.43, 0.44, 0.45, 0.46, 0.47000000000000003, 0.48, 0.49, 0.5, 0.51, 0.52, 0.53, 0.54, 0.55, 0.56, 0.5700000000000001, 0.58, 0.59, 0.6, 0.61, 0.62, 0.63, 0.64, 0.65, 0.66, 0.67, 0.68, 0.6900000000000001, 0.7000000000000001, 0.71, 0.72, 0.73, 0.74, 0.75, 0.76, 0.77, 0.78, 0.79, 0.8, 0.81, 0.8200000000000001, 0.8300000000000001, 0.84, 0.85, 0.86, 0.87, 0.88, 0.89, 0.9, 0.91, 0.92, 0.93, 0.9400000000000001, 0.9500000000000001, 0.96, 0.97, 0.98, 0.99], "error_total_3d": 0.1470429595687913, "area_3d": 0.8480240766178264, "error_keypoint_3d": [0.11740059614450542, 0.09377986033854167, 0.12424944475442783, 0.16557277607017357, 0.21290579767082818, 0.0463495106543446, 0.11749359453264893, 0.1745848216574254, 0.23695495469403866, 0.013572509268879703, 0.11065336196411525, 0.1750823373209315, 0.23675126675665617, 0.037955814563433825, 0.13287457187927942, 0.197703609302409, 0.26028102176459444, 0.07052742886219512, 0.12205631994668063, 0.1852744426988722, 0.2558781100996361], "area_2d": 0.9766723901098905, "error_keypoint_2d": [0.009236185502467938, 0.0073897376820060605, 0.01025521568617886, 0.01174270249016474, 0.021142572819196806, 0.007927774196384864, 0.013868540427970344, 0.01954462092725442, 0.026370409368382752, 0.007553172160130135, 0.016463025407940445, 0.023135296289565187, 0.03071162071671843, 0.008210157400605147, 0.02085479158498716, 0.028399558457662212, 0.03627775426178914, 0.009164474587486473, 0.01671946508994237, 0.024100675142329775, 0.03416164225993667], "acc_range_2d": [0.0, 0.4843273046398045, 0.735052274114774, 0.8353174603174602, 0.8899572649572647, 0.9241166819291817, 0.9463141025641022, 0.961023351648351, 0.9717261904761906, 0.9790712759462757, 0.9845085470085467, 0.9885244963369962, 0.9913671398046398, 0.993666056166056, 0.9954307844932839, 0.9966804029304027, 0.9975007631257623, 0.9981494200244194, 0.9986359126984121, 0.9989888583638578, 0.9992082570207566, 0.999418116605616, 0.9995230463980459, 0.9996375152625149, 0.9997138278388277, 0.9998473748473747, 0.9998950702075701, 0.9999332264957264, 0.9999427655677653, 0.9999523046398044, 0.9999713827838826, 0.9999809218559218, 0.9999809218559218, 0.9999809218559218, 0.9999809218559218, 0.9999904609279608, 0.9999904609279608, 0.9999904609279608, 0.9999904609279608, 0.9999904609279608, 0.9999904609279608, 0.9999904609279608, 0.9999904609279608, 0.9999904609279608, 1.0, 1.0, 1.0, 1.0, 1.0, 1.0, 1.0, 1.0, 1.0, 1.0, 1.0, 1.0, 1.0, 1.0, 1.0, 1.0, 1.0, 1.0, 1.0, 1.0, 1.0, 1.0, 1.0, 1.0, 1.0, 1.0, 1.0, 1.0, 1.0, 1.0, 1.0, 1.0, 1.0, 1.0, 1.0, 1.0, 1.0, 1.0, 1.0, 1.0, 1.0, 1.0, 1.0, 1.0, 1.0, 1.0, 1.0, 1.0, 1.0, 1.0, 1.0, 1.0, 1.0, 1.0, 1.0, 1.0], "error_total_2d": 0.018249018688528577, "acc_range_3d": [0.0, 0.01871565934065935, 0.061011904761904746, 0.10089476495726489, 0.14438339438339434, 0.19163995726495722, 0.23894421550671552, 0.2894249847374847, 0.3382459554334552, 0.3868475274725275, 0.4326923076923076, 0.47823183760683746, 0.5198031135531137, 0.559943528693529, 0.5963637057387057, 0.6299412393162395, 0.6617731227106226, 0.6910199175824175, 0.7177674755799756, 0.7418536324786323, 0.7636313339438338, 0.7832627442002443, 0.8021405677655675, 0.8186908577533573, 0.8340106074481073, 0.8481379731379729, 0.8605292277167274, 0.8717757936507934, 0.8826217185592186, 0.8924851190476187, 0.9009176587301584, 0.9090831043956044, 0.9157509157509154, 0.9222279456654456, 0.9280086233211228, 0.9336175976800973, 0.9385206807081803, 0.9433760683760681, 0.9476781898656893, 0.9513793498168494, 0.9550805097680094, 0.9583333333333328, 0.9613381410256409, 0.9642857142857141, 0.9666323260073261, 0.9690075549450545, 0.9710966117216114, 0.9730616605616605, 0.974855006105006, 0.9766769688644689, 0.9783558455433448, 0.9798153235653232, 0.9811698717948715, 0.9824004120879116, 0.9834020146520146, 0.984413156288156, 0.9853098290598289, 0.9862446581196582, 0.9872653388278388, 0.9880666208791209, 0.9889728327228327, 0.9896787240537238, 0.9903178418803418, 0.9910905067155068, 0.9915769993894994, 0.9921493437118432, 0.9927884615384617, 0.9933417277167279, 0.9937328296703297, 0.9941620879120879, 0.9946295024420027, 0.9949156746031744, 0.9952304639804636, 0.9956120268620265, 0.995917277167277, 0.9961939102564097, 0.9965182387057382, 0.9967376373626363, 0.9969951923076914, 0.9971955128205119, 0.9974149114774107, 0.9975293803418795, 0.9976820054945048, 0.9978727869352861, 0.9979777167277157, 0.9981303418803409, 0.9982448107448099, 0.9984069749694741, 0.9985405219780211, 0.9985786782661774, 0.9987026862026854, 0.9987599206349196, 0.9988743894993886, 0.998922084859584, 0.9990079365079355, 0.9990842490842482, 0.9991128663003656, 0.9991510225885218, 0.9992273351648345, 0.9992750305250298]}