{"area_2d": 0.9749267399267407, "acc_range_2d": [0.0, 0.41588446275946256, 0.6956559065934064, 0.8116128663003662, 0.8751907814407809, 0.9148923992673988, 0.9401614010989008, 0.9570837148962149, 0.9687023046398048, 0.9773637820512817, 0.983516483516483, 0.9881143162393163, 0.9913099053724052, 0.9934275793650789, 0.9952304639804638, 0.9964610042735035, 0.9972909035409031, 0.9979109432234426, 0.9984069749694741, 0.9988266941391932, 0.9990556318681308, 0.9992464133089126, 0.9993990384615379, 0.9995707417582415, 0.9996852106227103, 0.9997519841269837, 0.9997996794871791, 0.9998282967032964, 0.9998759920634919, 0.9998759920634919, 0.99989507020757, 0.9999332264957264, 0.9999523046398046, 0.9999523046398046, 0.9999523046398046, 0.9999713827838826, 0.9999809218559218, 0.9999809218559218, 0.9999809218559218, 0.9999904609279608, 0.9999904609279608, 0.9999904609279608, 0.9999904609279608, 0.9999904609279608, 0.9999904609279608, 1.0, 1.0, 1.0, 1.0, 1.0, 1.0, 1.0, 1.0, 1.0, 1.0, 1.0, 1.0, 1.0, 1.0, 1.0, 1.0, 1.0, 1.0, 1.0, 1.0, 1.0, 1.0, 1.0, 1.0, 1.0, 1.0, 1.0, 1.0, 1.0, 1.0, 1.0, 1.0, 1.0, 1.0, 1.0, 1.0, 1.0, 1.0, 1.0, 1.0, 1.0, 1.0, 1.0, 1.0, 1.0, 1.0, 1.0, 1.0, 1.0, 1.0, 1.0, 1.0, 1.0, 1.0, 1.0], "acc_range_3d": [0.0, 0.01617826617826618, 0.05355235042735041, 0.08531746031746029, 0.12127976190476186, 0.16067612942612935, 0.20337301587301576, 0.24509691697191685, 0.28969207875457853, 0.33339056776556747, 0.37548649267399253, 0.4166380494505492, 0.4568643162393162, 0.4953449328449329, 0.5319558913308915, 0.5661153083028084, 0.598624465811966, 0.6292925824175827, 0.6573660714285713, 0.6820531898656897, 0.707112332112332, 0.7302636599511596, 0.7512782356532354, 0.7701846764346763, 0.7875839438339437, 0.8033901862026859, 0.8184428418803414, 0.8326560592185589, 0.8455433455433453, 0.8573431776556779, 0.8684657356532353, 0.8778903388278382, 0.8872767857142856, 0.8952705280830273, 0.9028922466422467, 0.9101228632478632, 0.9162755647130644, 0.9227335164835156, 0.9287049755799753, 0.9335794413919408, 0.9383394383394381, 0.9426797161172161, 0.9470772283272277, 0.951035943223443, 0.9544795482295476, 0.957884996947497, 0.9607276404151401, 0.9634271978021974, 0.966117216117216, 0.9682635073260071, 0.970257173382173, 0.9724797771672764, 0.9743112789987788, 0.9758184523809523, 0.9774877899877896, 0.9788900335775335, 0.980273199023199, 0.9816468253968248, 0.9828487484737481, 0.9841365231990232, 0.9851858211233212, 0.9860824938949933, 0.9869314713064707, 0.9878758394383395, 0.9886580433455432, 0.9893925518925517, 0.9902033730158729, 0.9907757173382169, 0.9913766788766788, 0.9920444139194138, 0.9925595238095237, 0.992998321123321, 0.9934848137973135, 0.9937900641025639, 0.9941334706959705, 0.9944196428571426, 0.9948012057387056, 0.9951446123321122, 0.9953735500610498, 0.9955929487179481, 0.9960031288156284, 0.9961748321123318, 0.9964228479853472, 0.9966708638583633, 0.9969093406593399, 0.9970524267399261, 0.9972718253968248, 0.9974053724053721, 0.9975293803418802, 0.9977201617826618, 0.9977964743589742, 0.9979681776556771, 0.998111263736263, 0.9982829670329664, 0.9984642094017087, 0.9985977564102557, 0.9986836080586076, 0.9987694597069592, 0.9988648504273498, 0.9989697802197793], "error_total_2d": 0.02004087237794106, "error_keypoint_2d": [0.010967971914711737, 0.008873718588646193, 0.011955472050180433, 0.014540249312379053, 0.024373819023565328, 0.009519810587483754, 0.015755422215350406, 0.021949575817911748, 0.029175340063246926, 0.008999003434302594, 0.017980309920155892, 0.024603200619693757, 0.03194046246716635, 0.009665169190770647, 0.02190138204291951, 0.029295236408602366, 0.03720700159211587, 0.010869799949092887, 0.018588624342678137, 0.026129525520393423, 0.03656722487539518], "area_3d": 0.8297798382173375, "thres_range": [0.0, 0.01, 0.02, 0.03, 0.04, 0.05, 0.06, 0.07, 0.08, 0.09, 0.1, 0.11, 0.12, 0.13, 0.14, 0.15, 0.16, 0.17, 0.18, 0.19, 0.2, 0.21, 0.22, 0.23, 0.24, 0.25, 0.26, 0.27, 0.28, 0.29, 0.3, 0.31, 0.32, 0.33, 0.34, 0.35000000000000003, 0.36, 0.37, 0.38, 0.39, 0.4, 0.41000000000000003, 0.42, 0.43, 0.44, 0.45, 0.46, 0.47000000000000003, 0.48, 0.49, 0.5, 0.51, 0.52, 0.53, 0.54, 0.55, 0.56, 0.5700000000000001, 0.58, 0.59, 0.6, 0.61, 0.62, 0.63, 0.64, 0.65, 0.66, 0.67, 0.68, 0.6900000000000001, 0.7000000000000001, 0.71, 0.72, 0.73, 0.74, 0.75, 0.76, 0.77, 0.78, 0.79, 0.8, 0.81, 0.8200000000000001, 0.8300000000000001, 0.84, 0.85, 0.86, 0.87, 0.88, 0.89, 0.9, 0.91, 0.92, 0.93, 0.9400000000000001, 0.9500000000000001, 0.96, 0.97, 0.98, 0.99], "error_total_3d": 0.16538866349780137, "error_keypoint_3d": [0.13796139920034478, 0.1111047460465507, 0.14483093117371773, 0.19493599825196165, 0.25351959654318096, 0.053331811171003024, 0.13109791969840537, 0.1961043842316147, 0.2669224947752903, 0.01412790110806292, 0.12011413050519575, 0.19082822394631924, 0.25969067285731373, 0.043895819853694264, 0.14240725861777603, 0.21351046416944322, 0.28081268848267754, 0.08251904869836998, 0.13865570537288874, 0.2092205482217534, 0.2875701905282674]}